<?xml version="1.0" encoding="UTF-8"?>
<jcr:root xmlns:sling="http://sling.apache.org/jcr/sling/1.0" xmlns:cq="http://www.day.com/jcr/cq/1.0" xmlns:jcr="http://www.jcp.org/jcr/1.0" xmlns:nt="http://www.jcp.org/jcr/nt/1.0"
    jcr:primaryType="nt:unstructured"
    jcr:title="Thumbnail Image List"
    sling:resourceType="cq/gui/components/authoring/dialog"
    helpPath="en/cq/current/wcm/default_components.html#Carousel">
    <content
        jcr:primaryType="nt:unstructured"
        sling:resourceType="granite/ui/components/foundation/container">
        <layout
            jcr:primaryType="nt:unstructured"
            sling:resourceType="granite/ui/components/foundation/layouts/fixedcolumns"
            type="nav"/>
        <items jcr:primaryType="nt:unstructured">
            <section
                jcr:primaryType="nt:unstructured"
                jcr:title="Thumbnail Image List Properties"
                sling:resourceType="granite/ui/components/foundation/section">
                <layout
                    jcr:primaryType="nt:unstructured"
                    sling:resourceType="granite/ui/components/foundation/layouts/fixedcolumns"/>
                <items jcr:primaryType="nt:unstructured">
                    <column
                        jcr:primaryType="nt:unstructured"
                        sling:resourceType="granite/ui/components/foundation/container">
                        <items jcr:primaryType="nt:unstructured">
                            <imageList
                                jcr:primaryType="nt:unstructured"
                                sling:resourceType="granite/ui/components/coral/foundation/form/multifield"
                                composite="{Boolean}true"
                                fieldDescription="Click 'Add' to add more Image List Links"
                                fieldLabel="Image List">
                                <field
                                    jcr:primaryType="nt:unstructured"
                                    sling:resourceType="granite/ui/components/coral/foundation/container"
                                    name="./imageList">
                                    <items jcr:primaryType="nt:unstructured">
                                        <column
                                            jcr:primaryType="nt:unstructured"
                                            sling:resourceType="granite/ui/components/coral/foundation/container">
                                            <items jcr:primaryType="nt:unstructured">
                                                <thumbnailImage
                                                    jcr:primaryType="nt:unstructured"
                                                    sling:resourceType="cq/gui/components/authoring/dialog/fileupload"
                                                    allowUpload="{Boolean}false"
                                                    autoStart="{Boolean}false"
                                                    class="cq-droptarget"
                                                    fieldLabel="Image *"
                                                    fileNameParameter="./fileName"
                                                    fileReferenceParameter="./thumbnailImage"
                                                    mimeTypes="[image]"
                                                    multiple="{Boolean}false"
                                                    name="./imageName"
                                                    required="{Boolean}true"
                                                    title="Upload Image Asset"
                                                    uploadUrl="${suffix.path}"
                                                    useHTML5="{Boolean}true"/>
                                                <thumbnailImageAltText
                                                    jcr:primaryType="nt:unstructured"
                                                    sling:resourceType="granite/ui/components/coral/foundation/form/textfield"
                                                    fieldLabel="Image Alt Text"
                                                    name="./thumbnailImageAltText"/>
                                                <imageListLinkTitle
                                                    jcr:primaryType="nt:unstructured"
                                                    sling:resourceType="granite/ui/components/coral/foundation/form/textfield"
                                                    fieldLabel="Link Title"
                                                    name="./imageListLinkTitle"/>
                                                <imageListLinkPath
                                                    jcr:primaryType="nt:unstructured"
                                                    sling:resourceType="eaton/components/widgets/contextualpathbrowser"
                                                    fieldLabel="Link Path"
                                                    name="./imageListLinkPath"/>
                                                <imageListLinkOpenNewWindow
                                                    jcr:primaryType="nt:unstructured"
                                                    sling:resourceType="granite/ui/components/coral/foundation/form/checkbox"
                                                    name="./imageListLinkOpenNewWindow"
                                                    text="Open Link in New Window"
                                                    value="true"/>
                                            </items>
                                        </column>
                                    </items>
                                </field>
                            </imageList>
                            <toggleInnerGrid
                                jcr:primaryType="nt:unstructured"
                                sling:resourceType="granite/ui/components/foundation/form/checkbox"
                                defaultChecked="false"
                                name="./enableInnerGrid"
                                text="Enable Inner grid"
                                uncheckedValue="{Boolean}false"
                                value="true"/>
                            <desktopTrans
                                jcr:primaryType="nt:unstructured"
                                sling:resourceType="granite/ui/components/foundation/form/select"
                                fieldLabel="Desktop Image Transformation *"
                                name="./desktopTrans"
                                required="{Boolean}true">
                                <datasource
                                    jcr:primaryType="nt:unstructured"
                                    sling:resourceType="/ecom/content/imageTransform"
                                    addNone="{Boolean}true"
                                    selector="desktop"/>
                            </desktopTrans>
                            <mobileTrans
                                jcr:primaryType="nt:unstructured"
                                sling:resourceType="granite/ui/components/foundation/form/select"
                                fieldLabel="Mobile Image Transformation *"
                                name="./mobileTrans"
                                required="{Boolean}true">
                                <datasource
                                    jcr:primaryType="nt:unstructured"
                                    sling:resourceType="/ecom/content/imageTransform"
                                    addNone="{Boolean}true"
                                    selector="mobile"/>
                            </mobileTrans>
                        </items>
                    </column>
                </items>
            </section>
        </items>
    </content>
</jcr:root>
