<?xml version="1.0" encoding="UTF-8"?>
<jcr:root xmlns:sling="http://sling.apache.org/jcr/sling/1.0" xmlns:cq="http://www.day.com/jcr/cq/1.0" xmlns:jcr="http://www.jcp.org/jcr/1.0" xmlns:nt="http://www.jcp.org/jcr/nt/1.0"
          jcr:primaryType="nt:unstructured"
          jcr:title="Sitemap"
          sling:resourceType="cq/gui/components/authoring/dialog"
          helpPath="https://www.adobe.com/go/aem6_2_docs_component_en#Title - Sightly">
    <content
            jcr:primaryType="nt:unstructured"
            sling:resourceType="granite/ui/components/foundation/container">
        <layout
                jcr:primaryType="nt:unstructured"
                sling:resourceType="granite/ui/components/foundation/layouts/tabs"
                type="nav"/>
        <items jcr:primaryType="nt:unstructured">
            <sitemapconfig
                    jcr:primaryType="nt:unstructured"
                    jcr:title="Site map Config"
                    sling:resourceType="granite/ui/components/foundation/section">
                <layout
                        jcr:primaryType="nt:unstructured"
                        sling:resourceType="granite/ui/components/foundation/layouts/fixedcolumns"
                        margin="{Boolean}false"/>
                <items jcr:primaryType="nt:unstructured">
                    <column
                            jcr:primaryType="nt:unstructured"
                            sling:resourceType="granite/ui/components/foundation/container">
                        <items jcr:primaryType="nt:unstructured">
                            <sitemapRootPath
                                    jcr:primaryType="nt:unstructured"
                                    sling:resourceType="eaton/components/widgets/contextualpathbrowser"
                                    fieldLabel="Dam Root Path"
                                    name="./damPath"/>
                        </items>
                    </column>
                </items>
            </sitemapconfig>
        </items>
    </content>
</jcr:root>
