<?xml version="1.0" encoding="UTF-8"?>
<jcr:root xmlns:sling="http://sling.apache.org/jcr/sling/1.0" xmlns:cq="http://www.day.com/jcr/cq/1.0" xmlns:jcr="http://www.jcp.org/jcr/1.0" xmlns:nt="http://www.jcp.org/jcr/nt/1.0"
    jcr:primaryType="cq:Page">
    <jcr:content
        cq:designPath="/libs/settings/wcm/designs/default"
        cq:lastModified="{Date}2021-06-15T09:18:32.335-05:00"
        cq:lastModifiedBy="admin"
        cq:template="/libs/cq/workflow/templates/model"
        jcr:primaryType="cq:PageContent"
        jcr:title="Eaton DAM Upload Asset"
        sling:resourceType="cq/workflow/components/pages/model">
        <flow
            jcr:primaryType="nt:unstructured"
            sling:resourceType="wcm/foundation/components/responsivegrid">
            <process
                jcr:created="{Date}2021-06-15T08:57:23.780-05:00"
                jcr:createdBy="admin"
                jcr:lastModified="{Date}2021-06-15T08:58:04.766-05:00"
                jcr:lastModifiedBy="admin"
                jcr:primaryType="nt:unstructured"
                jcr:title="OOTB GateKeeperProcess"
                sling:resourceType="cq/workflow/components/model/process">
                <metaData
                    jcr:primaryType="nt:unstructured"
                    PROCESS="com.day.cq.dam.core.process.GateKeeperProcess"
                    PROCESS_AUTO_ADVANCE="true"/>
            </process>
            <container
                jcr:created="{Date}2021-06-15T08:57:14.267-05:00"
                jcr:createdBy="admin"
                jcr:lastModified="{Date}2021-06-15T08:58:28.729-05:00"
                jcr:lastModifiedBy="admin"
                jcr:primaryType="nt:unstructured"
                jcr:title="Eaton DAM Update Asset Workflow"
                sling:resourceType="cq/workflow/components/model/container">
                <metaData
                    jcr:primaryType="nt:unstructured"
                    CONTAINER="/var/workflow/models/eaton-dam/dam/eaton-dam-update-asset-workflow"/>
            </container>
            <process_1356983637
                jcr:created="{Date}2021-06-15T08:57:27.653-05:00"
                jcr:createdBy="admin"
                jcr:lastModified="{Date}2021-06-15T09:18:32.331-05:00"
                jcr:lastModifiedBy="admin"
                jcr:primaryType="nt:unstructured"
                jcr:title="Set Custom Node Properties"
                sling:resourceType="cq/workflow/components/model/process">
                <metaData
                    jcr:primaryType="nt:unstructured"
                    PROCESS="com.eaton.platform.core.workflows.NormalizeAssetNodeProperties"
                    PROCESS_ARGS="&quot;active&quot;::jcr:content/metadata/dam:status,&quot;pending&quot;::jcr:content/metadata/xmp:eaton-metadata-review"
                    PROCESS_AUTO_ADVANCE="true"/>
            </process_1356983637>
        </flow>
        <image jcr:primaryType="nt:unstructured">
            <file/>
        </image>
    </jcr:content>
</jcr:root>
