<?xml version="1.0" encoding="UTF-8"?>
<jcr:root xmlns:sling="http://sling.apache.org/jcr/sling/1.0" xmlns:cq="http://www.day.com/jcr/cq/1.0" xmlns:jcr="http://www.jcp.org/jcr/1.0" xmlns:nt="http://www.jcp.org/jcr/nt/1.0"
    jcr:primaryType="nt:unstructured"
    jcr:title="Page Overview"
    sling:resourceType="cq/gui/components/authoring/dialog"
    helpPath="en/cq/current/wcm/default_components.html#Carousel">
    <content
        jcr:primaryType="nt:unstructured"
        sling:resourceType="granite/ui/components/foundation/container">
        <layout
            jcr:primaryType="nt:unstructured"
            sling:resourceType="granite/ui/components/foundation/layouts/fixedcolumns"
            type="nav"/>
        <items jcr:primaryType="nt:unstructured">
            <herotext
                jcr:primaryType="nt:unstructured"
                jcr:title="Page Overview Properties"
                sling:resourceType="granite/ui/components/foundation/section">
                <layout
                    jcr:primaryType="nt:unstructured"
                    sling:resourceType="granite/ui/components/foundation/layouts/fixedcolumns"/>
                <items jcr:primaryType="nt:unstructured">
                    <column
                        jcr:primaryType="nt:unstructured"
                        sling:resourceType="granite/ui/components/foundation/container">
                        <items jcr:primaryType="nt:unstructured">
                            <pageOverviewHeader
                                jcr:primaryType="nt:unstructured"
                                sling:resourceType="granite/ui/components/foundation/form/textfield"
                                fieldDescription="Header of Page Overview"
                                fieldLabel="Header *"
                                name="./pageOverviewHeader"
                                required="true"/>
                            <pageOverviewHeaderType
                                jcr:primaryType="nt:unstructured"
                                sling:resourceType="granite/ui/components/foundation/form/select"
                                fieldLabel="Header Type"
                                name="./pageOverviewHeaderType">
                                <items jcr:primaryType="nt:unstructured">
                                    <h1
                                        jcr:primaryType="nt:unstructured"
                                        text="H1"
                                        value="h1"/>
                                    <h2
                                        jcr:primaryType="nt:unstructured"
                                        selected="{Boolean}true"
                                        text="H2"
                                        value="h2"/>
                                </items>
                            </pageOverviewHeaderType>
                            <pageOverviewDesc
                                jcr:primaryType="nt:unstructured"
                                sling:resourceType="/libs/cq/gui/components/authoring/dialog/richtext"
                                fieldDescription="Description of the Page Overview."
                                fieldLabel="Description *"
                                name="./pageOverviewDesc"
                                removeSingleParagraphContainer="{Boolean}true"
                                required="true"
                                singleParagraphContainerReplacement="div"
                                useFixedInlineToolbar="{Boolean}true">
                                <rtePlugins jcr:primaryType="nt:unstructured">
                                    <format
                                        jcr:primaryType="nt:unstructured"
                                        features="*"/>
                                    <justify
                                        jcr:primaryType="nt:unstructured"
                                        features="*"/>
                                    <lists
                                        jcr:primaryType="nt:unstructured"
                                        features="*"/>
                                    <paraformat
                                        jcr:primaryType="nt:unstructured"
                                        features="*"/>
                                    <subsuperscript
                                        jcr:primaryType="nt:unstructured"
                                        features="*"/>
                                    <links
                                        jcr:primaryType="nt:unstructured"
                                        features="*"/>
                                    <table
                                        jcr:primaryType="nt:unstructured"
                                        features="[]">
                                        <hiddenHeaderConfig
                                            jcr:primaryType="nt:unstructured"
                                            hiddenHeaderClassName="cq-wcm-foundation-aria-visuallyhidden"
                                            hiddenHeaderEditingCSS="coral-RichText-hiddenHeader--editing"/>
                                    </table>
                                    <experience-aem-one
                                        jcr:primaryType="nt:unstructured"
                                        features="*"/>
                                    <spellcheck
                                        jcr:primaryType="nt:unstructured"
                                        features="*"/>
                                </rtePlugins>
                                <uiSettings jcr:primaryType="nt:unstructured">
                                    <cui jcr:primaryType="nt:unstructured">
                                        <inline
                                            jcr:primaryType="nt:unstructured"
                                            toolbar="[format#bold,format#italic,format#underline,#paraformat,image#imageProps,#justify,#lists,links#modifylink,links#unlink,links#anchor,subsuperscript#subscript,subsuperscript#superscript,experience-aem#colorPicker,experience-aem-one#touchuitouppercase,#styles,spellcheck#checktext]">
                                            <popovers jcr:primaryType="nt:unstructured">
                                                <justify
                                                    jcr:primaryType="nt:unstructured"
                                                    items="[justify#justifyleft,justify#justifycenter,justify#justifyright]"
                                                    ref="justify"/>
                                                <lists
                                                    jcr:primaryType="nt:unstructured"
                                                    items="[lists#unordered,lists#ordered,lists#outdent,lists#indent]"
                                                    ref="lists"/>
                                                <paraformat
                                                    jcr:primaryType="nt:unstructured"
                                                    items="paraformat:getFormats:paraformat-pulldown"
                                                    ref="paraformat"/>
                                                <styles
                                                    jcr:primaryType="nt:unstructured"
                                                    items="styles:getStyles:styles-pulldown"
                                                    ref="styles"/>
                                            </popovers>
                                        </inline>
                                    </cui>
                                </uiSettings>
                            </pageOverviewDesc>
                            <pageOverviewLinkTitle
                                jcr:primaryType="nt:unstructured"
                                sling:resourceType="granite/ui/components/foundation/form/textfield"
                                fieldDescription="This field stores the value for Title field."
                                fieldLabel="Link Title"
                                name="./pageOverviewLinkTitle"/>
                            <pageOverviewLinkPath
                                jcr:primaryType="nt:unstructured"
                                sling:resourceType="eaton/components/widgets/contextualpathbrowser"
                                fieldDescription="This field stores the value for Link Path field."
                                fieldLabel="Link Path"
                                name="./pageOverviewLinkPath"/>
                            <pageOverviewOpenNewWindow
                                jcr:primaryType="nt:unstructured"
                                sling:resourceType="granite/ui/components/foundation/form/checkbox"
                                fieldDescription="This field stores the value for newWindow field."
                                name="./pageOverviewLinkOpenNewWindow"
                                text="Link Open in new window"
                                value="true"/>
                        </items>
                    </column>
                </items>
            </herotext>
        </items>
    </content>
</jcr:root>
