<?xml version="1.0" encoding="UTF-8"?>
<jcr:root xmlns:sling="http://sling.apache.org/jcr/sling/1.0" xmlns:jcr="http://www.jcp.org/jcr/1.0" xmlns:nt="http://www.jcp.org/jcr/nt/1.0"
  jcr:primaryType="nt:unstructured"
  jcr:title="Thank You Text"
  sling:resourceType="cq/gui/components/authoring/dialog"
  helpPath="https://www.adobe.com/go/aem6_2_docs_component_en#Text - Sightly">
    <content
      jcr:primaryType="nt:unstructured"
      sling:resourceType="granite/ui/components/foundation/container">
        <layout
          jcr:primaryType="nt:unstructured"
          sling:resourceType="granite/ui/components/foundation/layouts/fixedcolumns"
          margin="{Boolean}false"
          type="nav"/>
        <items jcr:primaryType="nt:unstructured">
            <column
              jcr:primaryType="nt:unstructured"
              sling:resourceType="granite/ui/components/foundation/container">
                <items jcr:primaryType="nt:unstructured">
                    <toggleInnerGrid
                      jcr:primaryType="nt:unstructured"
                      sling:resourceType="granite/ui/components/foundation/form/checkbox"
                      defaultChecked="true"
                      name="./toggleInnerGrid"
                      text="Include Margin"
                      uncheckedValue="{Boolean}false"
                      value="true"/>
                    <text
                      jcr:primaryType="nt:unstructured"
                      jcr:title="Text"
                      sling:resourceType="granite/ui/components/foundation/form/fieldset">
                        <items jcr:primaryType="nt:unstructured">
                            <column
                              jcr:primaryType="nt:unstructured"
                              sling:resourceType="granite/ui/components/foundation/container">
                                <items jcr:primaryType="nt:unstructured">
                                    <text
                                      jcr:primaryType="nt:unstructured"
                                      sling:resourceType="cq/gui/components/authoring/dialog/richtext"
                                      name="./text"
                                      removeSingleParagraphContainer="{Boolean}true"
                                      singleParagraphContainerReplacement="div"
                                      useFixedInlineToolbar="{Boolean}true">
                                        <rtePlugins jcr:primaryType="nt:unstructured">
                                            <format
                                              jcr:primaryType="nt:unstructured"
                                              features="*"/>
                                            <justify
                                              jcr:primaryType="nt:unstructured"
                                              features="*"/>
                                            <lists
                                              jcr:primaryType="nt:unstructured"
                                              features="*"/>
                                            <paraformat
                                              jcr:primaryType="nt:unstructured"
                                              features="*"/>
                                            <links
                                              jcr:primaryType="nt:unstructured"
                                              features="*"/>
                                            <subsuperscript
                                              jcr:primaryType="nt:unstructured"
                                              features="*"/>
                                            <table
                                              jcr:primaryType="nt:unstructured"
                                              features="[]">
                                                <hiddenHeaderConfig
                                                  jcr:primaryType="nt:unstructured"
                                                  hiddenHeaderClassName="cq-wcm-foundation-aria-visuallyhidden"
                                                  hiddenHeaderEditingCSS="coral-RichText-hiddenHeader--editing"/>
                                            </table>
                                            <spellcheck
                                              jcr:primaryType="nt:unstructured"
                                              features="*"/>
                                            <misctools jcr:primaryType="nt:unstructured">
                                                <specialCharsConfig jcr:primaryType="nt:unstructured">
                                                    <chars jcr:primaryType="nt:unstructured">
                                                        <default_copyright
                                                          jcr:primaryType="nt:unstructured"
                                                          entity="&amp;copy;"
                                                          name="copyright"/>
                                                        <default_euro
                                                          jcr:primaryType="nt:unstructured"
                                                          entity="&amp;euro;"
                                                          name="euro"/>
                                                        <default_registered
                                                          jcr:primaryType="nt:unstructured"
                                                          entity="&amp;reg;"
                                                          name="registered"/>
                                                        <default_trademark
                                                          jcr:primaryType="nt:unstructured"
                                                          entity="&amp;trade;"
                                                          name="trademark"/>
                                                    </chars>
                                                </specialCharsConfig>
                                            </misctools>
                                            <experience-aem
                                              jcr:primaryType="nt:unstructured"
                                              features="*"/>
                                        </rtePlugins>
                                        <uiSettings jcr:primaryType="nt:unstructured">
                                            <cui jcr:primaryType="nt:unstructured">
                                                <inline
                                                  jcr:primaryType="nt:unstructured"
                                                  toolbar="[format#bold,format#italic,format#underline,#paraformat,image#imageProps,#justify,#lists,links#modifylink,links#unlink,links#anchor,subsuperscript#subscript,subsuperscript#superscript,experience-aem#colorPicker,experience-aem-one#touchuitouppercase,#styles,spellcheck#checktext]">
                                                    <popovers jcr:primaryType="nt:unstructured">
                                                        <justify
                                                          jcr:primaryType="nt:unstructured"
                                                          items="[justify#justifyleft,justify#justifycenter,justify#justifyright]"
                                                          ref="justify"/>
                                                        <lists
                                                          jcr:primaryType="nt:unstructured"
                                                          items="[lists#unordered,lists#ordered,lists#outdent,lists#indent]"
                                                          ref="lists"/>
                                                        <paraformat
                                                          jcr:primaryType="nt:unstructured"
                                                          items="paraformat:getFormats:paraformat-pulldown"
                                                          ref="paraformat"/>
                                                        <styles
                                                          jcr:primaryType="nt:unstructured"
                                                          items="styles:getStyles:styles-pulldown"
                                                          ref="styles"/>
                                                    </popovers>
                                                </inline>
                                                <dialogFullScreen
                                                  jcr:primaryType="nt:unstructured"
                                                  toolbar="[format#bold,format#italic,format#underline,justify#justifyleft,justify#justifycenter,justify#justifyright,lists#unordered,lists#ordered,lists#outdent,lists#indent,links#modifylink,links#unlink,table#createoredit,#paraformat,image#imageProps]">
                                                    <popovers jcr:primaryType="nt:unstructured">
                                                        <paraformat
                                                          jcr:primaryType="nt:unstructured"
                                                          items="paraformat:getFormats:paraformat-pulldown"
                                                          ref="paraformat"/>
                                                    </popovers>
                                                </dialogFullScreen>
                                                <tableEditOptions
                                                  jcr:primaryType="nt:unstructured"
                                                  toolbar="[table#insertcolumn-before,table#insertcolumn-after,table#removecolumn,-,table#insertrow-before,table#insertrow-after,table#removerow,-,table#mergecells-right,table#mergecells-down,table#mergecells,table#splitcell-horizontal,table#splitcell-vertical,-,table#selectrow,table#selectcolumn,-,table#ensureparagraph,-,table#modifytableandcell,table#removetable,-,undo#undo,undo#redo,-,table#exitTableEditing,-]"/>
                                            </cui>
                                        </uiSettings>
                                    </text>
                                </items>
                            </column>
                        </items>
                    </text>
                </items>
            </column>
        </items>
    </content>
</jcr:root>
