<?xml version="1.0" encoding="UTF-8"?>
<jcr:root xmlns:cq="http://www.day.com/jcr/cq/1.0" xmlns:jcr="http://www.jcp.org/jcr/1.0" xmlns:nt="http://www.jcp.org/jcr/nt/1.0"
    jcr:primaryType="cq:EditConfig">
    <cq:inplaceEditing
        jcr:primaryType="cq:InplaceEditingConfig"
        active="{Boolean}true"
        editorType="hybrid">
        <config jcr:primaryType="nt:unstructured">
            <rtePlugins jcr:primaryType="nt:unstructured">
                <tracklinks
                    jcr:primaryType="nt:unstructured"
                    features="*"/>
                <table
                    jcr:primaryType="nt:unstructured"
                    features="-">
                    <hiddenHeaderConfig
                        jcr:primaryType="nt:unstructured"
                        hiddenHeaderClassName="cq-wcm-foundation-aria-visuallyhidden"/>
                </table>
                <paraformat jcr:primaryType="nt:unstructured">
                    <formats jcr:primaryType="nt:unstructured">
                        <default_p
                            jcr:primaryType="nt:unstructured"
                            description="Paragraph"
                            tag="p"/>
                        <default_h1
                            jcr:primaryType="nt:unstructured"
                            description="Heading 1"
                            tag="h1"/>
                        <default_h2
                            jcr:primaryType="nt:unstructured"
                            description="Heading 2"
                            tag="h2"/>
                        <default_h3
                            jcr:primaryType="nt:unstructured"
                            description="Heading 3"
                            tag="h3"/>
                        <default_h4
                            jcr:primaryType="nt:unstructured"
                            description="Heading 4"
                            tag="h4"/>
                        <default_h5
                            jcr:primaryType="nt:unstructured"
                            description="Heading 5"
                            tag="h5"/>
                        <default_h6
                            jcr:primaryType="nt:unstructured"
                            description="Heading 6"
                            tag="h6"/>
                        <default_blockquote
                            jcr:primaryType="nt:unstructured"
                            description="Quote"
                            tag="blockquote"/>
                        <default_pre
                            jcr:primaryType="nt:unstructured"
                            description="Preformatted"
                            tag="pre"/>
                    </formats>
                </paraformat>
                <misctools jcr:primaryType="nt:unstructured">
                    <specialCharsConfig jcr:primaryType="nt:unstructured">
                        <chars jcr:primaryType="nt:unstructured">
                            <default_copyright
                                jcr:primaryType="nt:unstructured"
                                entity="&amp;copy;"
                                name="copyright"/>
                            <default_euro
                                jcr:primaryType="nt:unstructured"
                                entity="&amp;euro;"
                                name="euro"/>
                            <default_registered
                                jcr:primaryType="nt:unstructured"
                                entity="&amp;reg;"
                                name="registered"/>
                            <default_trademark
                                jcr:primaryType="nt:unstructured"
                                entity="&amp;trade;"
                                name="trademark"/>
                        </chars>
                    </specialCharsConfig>
                </misctools>
                <links
                    jcr:primaryType="nt:unstructured"
                    features="modifylink,unlink"/>
                <justify
                    jcr:primaryType="nt:unstructured"
                    features="-"/>
                <format
                    jcr:primaryType="nt:unstructured"
                    features="bold,italic"/>
            </rtePlugins>
            <uiSettings jcr:primaryType="nt:unstructured">
                <cui jcr:primaryType="nt:unstructured">
                    <inline
                            jcr:primaryType="nt:unstructured"
                            toolbar="[format#bold,format#italic,format#underline,#justify,#lists,links#modifylink,links#unlink,#paraformat]">
                        <popovers jcr:primaryType="nt:unstructured">
                            <justify
                                    jcr:primaryType="nt:unstructured"
                                    items="[justify#justifyleft,justify#justifycenter,justify#justifyright]"
                                    ref="justify"/>
                            <lists
                                    jcr:primaryType="nt:unstructured"
                                    items="[lists#unordered,lists#ordered,lists#outdent,lists#indent]"
                                    ref="lists"/>
                            <paraformat
                                    jcr:primaryType="nt:unstructured"
                                    items="paraformat:getFormats:paraformat-pulldown"
                                    ref="paraformat"/>
                        </popovers>
                    </inline>
                    <dialogFullScreen
                            jcr:primaryType="nt:unstructured"
                            toolbar="[format#bold,format#italic,format#underline,justify#justifyleft,justify#justifycenter,justify#justifyright,lists#unordered,lists#ordered,lists#outdent,lists#indent,links#modifylink,links#unlink,table#createoredit,#paraformat,image#imageProps]">
                        <popovers jcr:primaryType="nt:unstructured">
                            <paraformat
                                    jcr:primaryType="nt:unstructured"
                                    items="paraformat:getFormats:paraformat-pulldown"
                                    ref="paraformat"/>
                        </popovers>
                    </dialogFullScreen>
                    <tableEditOptions
                            jcr:primaryType="nt:unstructured"
                            toolbar="[table#insertcolumn-before,table#insertcolumn-after,table#removecolumn,-,table#insertrow-before,table#insertrow-after,table#removerow,-,table#mergecells-right,table#mergecells-down,table#mergecells,table#splitcell-horizontal,table#splitcell-vertical,-,table#selectrow,table#selectcolumn,-,table#ensureparagraph,-,table#modifytableandcell,table#removetable,-,undo#undo,undo#redo,-,table#exitTableEditing,-]">
                    </tableEditOptions>
                </cui>
            </uiSettings>
        </config>
    </cq:inplaceEditing>
</jcr:root>


