<?xml version="1.0" encoding="UTF-8"?>
<jcr:root xmlns:sling="http://sling.apache.org/jcr/sling/1.0" xmlns:granite="http://www.adobe.com/jcr/granite/1.0" xmlns:jcr="http://www.jcp.org/jcr/1.0"
          xmlns:nt="http://www.jcp.org/jcr/nt/1.0"
          jcr:primaryType="nt:unstructured"
          jcr:title="Region country List"
          sling:resourceType="cq/gui/components/authoring/dialog"
          helpPath="https://www.adobe.com/go/aem6_2_docs_component_en#Text - Sightly">
<content
        jcr:primaryType="nt:unstructured"
        sling:resourceType="granite/ui/components/coral/foundation/container">
    <items jcr:primaryType="nt:unstructured">
        <column
                jcr:primaryType="nt:unstructured"
                sling:resourceType="granite/ui/components/foundation/container">
                    <items jcr:primaryType="nt:unstructured">
                        <regionName
                                jcr:primaryType="nt:unstructured"
                                sling:resourceType="granite/ui/components/coral/foundation/include"
                                path="/apps/eaton/components/commons/regionlist/regionlist-dropdown"/>
                        <countries
                                jcr:primaryType="nt:unstructured"
                                granite:class="country-multifield"
                                sling:resourceType="granite/ui/components/coral/foundation/form/multifield"
                                composite="{Boolean}true"
                                fieldLabel="Countries">
                            <field
                                    jcr:primaryType="nt:unstructured"
                                    granite:class="country-item"
                                    sling:resourceType="granite/ui/components/foundation/container"
                                    jcr:title="Click to Expand"
                                    name="./countryList">
                                <layout
                                        jcr:primaryType="nt:unstructured"
                                        sling:resourceType="granite/ui/components/foundation/layouts/collapsible"/>
                                <items jcr:primaryType="nt:unstructured">
                                    <countryId
                                            jcr:primaryType="nt:unstructured"
                                            sling:resourceType="granite/ui/components/coral/foundation/include"
                                            path="/apps/eaton/components/commons/countrylist/countrylist-dropdown"/>
                                    <languages
                                            jcr:primaryType="nt:unstructured"
                                            sling:resourceType="granite/ui/components/coral/foundation/form/multifield"
                                            composite="{Boolean}true"
                                            fieldLabel="Languages">
                                        <field
                                                jcr:primaryType="nt:unstructured"
                                                sling:resourceType="granite/ui/components/coral/foundation/container"
                                                name="./languageList">
                                            <items jcr:primaryType="nt:unstructured">
                                                <languageName
                                                        jcr:primaryType="nt:unstructured"
                                                        sling:resourceType="granite/ui/components/coral/foundation/form/textfield"
                                                        fieldLabel="Language ID"
                                                        name="./languageName"/>
                                                <countryName
                                                        jcr:primaryType="nt:unstructured"
                                                        sling:resourceType="granite/ui/components/coral/foundation/form/textfield"
                                                        emptyText="Country Name in above Language"
                                                        fieldLabel="Country Display Name"
                                                        name="./countryName"/>
                                                <languagePath
                                                        jcr:primaryType="nt:unstructured"
                                                        sling:resourceType="granite/ui/components/foundation/form/pathbrowser"
                                                        rootPath="/content"
                                                        fieldLabel="Country/Language Home Page"
                                                        name="./languagePath"/>
                                            </items>
                                        </field>
                                    </languages>
                                </items>
                            </field>
                        </countries>
                    </items>
        </column>
    </items>
</content>
</jcr:root>