<?xml version="1.0" encoding="UTF-8"?>
<jcr:root xmlns:sling="http://sling.apache.org/jcr/sling/1.0" xmlns:cq="http://www.day.com/jcr/cq/1.0" xmlns:jcr="http://www.jcp.org/jcr/1.0" xmlns:nt="http://www.jcp.org/jcr/nt/1.0"
          jcr:primaryType="nt:unstructured"
          jcr:title="Proof Points"
          sling:resourceType="cq/gui/components/authoring/dialog"
          helpPath="https://www.adobe.com/go/aem6_2_docs_component_en#Text - Sightly">
    <content
            jcr:primaryType="nt:unstructured"
            sling:resourceType="granite/ui/components/foundation/container">
        <layout
                jcr:primaryType="nt:unstructured"
                sling:resourceType="granite/ui/components/foundation/layouts/fixedcolumns"
                margin="{Boolean}false"
                type="nav"/>
        <items jcr:primaryType="nt:unstructured">
            <iconlist
                    jcr:primaryType="nt:unstructured"
                    jcr:title="Component Properties - Touch UI"
                    sling:resourceType="granite/ui/components/foundation/section">
                <layout
                        jcr:primaryType="nt:unstructured"
                        sling:resourceType="granite/ui/components/foundation/layouts/fixedcolumns"/>
                <items jcr:primaryType="nt:unstructured">
                    <column
                            jcr:primaryType="nt:unstructured"
                            sling:resourceType="granite/ui/components/foundation/container">
                        <items jcr:primaryType="nt:unstructured">
                            <proofPointsInfoList
                                    jcr:primaryType="nt:unstructured"
                                    sling:resourceType="granite/ui/components/coral/foundation/form/multifield"
                                    composite="{Boolean}true"
                                    fieldDescription="Click 'Add' to add more Highlights List"
                                    fieldLabel="Info List">
                                <field
                                        jcr:primaryType="nt:unstructured"
                                        sling:resourceType="granite/ui/components/coral/foundation/container"
                                        name="./proofPointsInfoList"
                                        required="true">
                                    <items jcr:primaryType="nt:unstructured">
                                        <column
                                                jcr:primaryType="nt:unstructured"
                                                sling:resourceType="granite/ui/components/coral/foundation/container"
                                                class="multifield-border">
                                            <items jcr:primaryType="nt:unstructured">
                                                <proofPointIcon
                                                        jcr:primaryType="nt:unstructured"
                                                        sling:resourceType="granite/ui/components/coral/foundation/form/pathfield"
                                                        fieldDescription="This field stores the path. This field is applicable when List Type selected is “Fixed”"
                                                        fieldLabel="Icon"
                                                        name="./proofPointIcon"
                                                        rootPath="/content/dam"/>
                                                <proofPointTitle
                                                        jcr:primaryType="nt:unstructured"
                                                        sling:resourceType="granite/ui/components/coral/foundation/form/textfield"
                                                        fieldDescription="This field stores the Proof Point Title"
                                                        fieldLabel="Title *"
                                                        name="./proofPointTitle"
                                                        maxlength="10"
                                                        required="true"/>
                                                <proofPointDesc
                                                        jcr:primaryType="nt:unstructured"
                                                        sling:resourceType="granite/ui/components/coral/foundation/form/textarea"
                                                        fieldDescription="This field stores the Proof Point description."
                                                        fieldLabel="Description *"
                                                        name="./proofPointDesc"
                                                        required="true"/>
                                            </items>
                                        </column>
                                    </items>
                                </field>
                            </proofPointsInfoList>
                            <toggleInnerGrid
                                    jcr:primaryType="nt:unstructured"
                                    sling:resourceType="granite/ui/components/foundation/form/checkbox"
                                    name="./toggleInnerGrid"
                                    text="Include Margin"
                                    value="true"/>
                        </items>
                    </column>
                </items>
            </iconlist>
        </items>
    </content>
</jcr:root>