<?xml version="1.0" encoding="UTF-8"?>
<jcr:root xmlns:sling="http://sling.apache.org/jcr/sling/1.0"
          xmlns:cq="http://www.day.com/jcr/cq/1.0"
          xmlns:jcr="http://www.jcp.org/jcr/1.0"
          xmlns:nt="http://www.jcp.org/jcr/nt/1.0"
          xmlns:granite="http://www.adobe.com/jcr/granite/1.0"
          jcr:primaryType="nt:unstructured"
          jcr:title="Drilldown Selection Tool"
          extraClientlibs="[drilldown.selection.tool.dialog]"
          sling:resourceType="cq/gui/components/authoring/dialog">
    <content
            jcr:primaryType="nt:unstructured"
            sling:resourceType="granite/ui/components/coral/foundation/container">
        <items jcr:primaryType="nt:unstructured">
            <tabs
                    jcr:primaryType="nt:unstructured"
                    sling:resourceType="granite/ui/components/coral/foundation/tabs">
                <items jcr:primaryType="nt:unstructured">
                    <tab1
                            jcr:primaryType="nt:unstructured"
                            jcr:title="Properties"
                            sling:resourceType="granite/ui/components/coral/foundation/container">
                        <items jcr:primaryType="nt:unstructured">
                            <pageSize
                                    jcr:primaryType="nt:unstructured"
                                    sling:resourceType="granite/ui/components/coral/foundation/form/numberfield"
                                    fieldDescription="Number of page results to load initially and upon loading more results"
                                    fieldLabel="Number of results to load initially and upon load more"
                                    required="{Boolean}true"
                                    value="16"
                                    min="4"
                                    step="4"
                                    name="./pageSize"/>
                            <dropdowns
                                    jcr:primaryType="nt:unstructured"
                                    sling:resourceType="granite/ui/components/coral/foundation/form/multifield"
                                    composite="{Boolean}true"
                                    required="{Boolean}true"
                                    fieldLabel="Dropdowns">
                                <granite:data
                                        jcr:primaryType="nt:unstructured"
                                        min-item="1"
                                        max-item="5"/>
                                <field
                                        jcr:primaryType="nt:unstructured"
                                        sling:resourceType="granite/ui/components/coral/foundation/container"
                                        name="./dropdowns">
                                    <items jcr:primaryType="nt:unstructured">
                                        <column
                                                jcr:primaryType="nt:unstructured"
                                                sling:resourceType="granite/ui/components/coral/foundation/container">
                                            <items jcr:primaryType="nt:unstructured">
                                                <label
                                                        jcr:primaryType="nt:unstructured"
                                                        sling:resourceType="granite/ui/components/coral/foundation/form/textfield"
                                                        fieldLabel="Dropdown Label"
                                                        name="./label"
                                                        required="{Boolean}true"/>
                                                <dropdownTagPath
                                                        jcr:primaryType="nt:unstructured"
                                                        sling:resourceType="granite/ui/components/coral/foundation/form/pathfield"
                                                        fieldLabel="Dropdown Tag"
                                                        name="./dropdownTagPath"
                                                        required="{Boolean}true"
                                                        multiple="{Boolean}false"
                                                        rootPath="/content/cq:tags"/>
                                            </items>
                                        </column>
                                    </items>
                                </field>
                            </dropdowns>
                        </items>
                    </tab1>
                </items>
            </tabs>
        </items>
    </content>
</jcr:root>
