<?xml version="1.0" encoding="UTF-8"?>
<jcr:root xmlns:sling="http://sling.apache.org/jcr/sling/1.0" xmlns:granite="http://www.adobe.com/jcr/granite/1.0" xmlns:dam="http://www.day.com/dam/1.0" xmlns:cq="http://www.day.com/jcr/cq/1.0" xmlns:jcr="http://www.jcp.org/jcr/1.0" xmlns:nt="http://www.jcp.org/jcr/nt/1.0"
    jcr:primaryType="sling:Folder">
    <jcr:content jcr:primaryType="nt:unstructured">
        <metadata
            dam:status="-"
            jcr:primaryType="nt:unstructured"/>
    </jcr:content>
    <items jcr:primaryType="nt:unstructured">
        <tabs
            jcr:primaryType="nt:unstructured"
            sling:resourceType="granite/ui/components/coral/foundation/tabs"
            size="L">
            <items jcr:primaryType="nt:unstructured">
                <tab0
                    granite:rel="aem-assets-metadata-form-tab"
                    jcr:primaryType="nt:unstructured"
                    jcr:title="Global Asset Information"
                    sling:resourceType="granite/ui/components/coral/foundation/container"
                    listOrder="0">
                    <granite:data
                        jcr:primaryType="nt:unstructured"
                        tabid="f84cc8d6-60ab-474e-bdf8-a0b7a434f289"/>
                    <items jcr:primaryType="nt:unstructured">
                        <col0
                            granite:rel="aem-assets-metadata-form-column"
                            jcr:primaryType="nt:unstructured"
                            sling:resourceType="granite/ui/components/coral/foundation/container"
                            listOrder="0">
                            <items jcr:primaryType="nt:unstructured">
                                <eaton-title
                                    jcr:primaryType="nt:unstructured"
                                    sling:resourceType="granite/ui/components/coral/foundation/form/textfield"
                                    fieldLabel="Title"
                                    name="./jcr:content/metadata/dc:title"
                                    renderReadOnly="{Boolean}true"
                                    showEmptyInReadOnly="{Boolean}true">
                                    <granite:data
                                        jcr:primaryType="nt:unstructured"
                                        metaType="text"/>
                                </eaton-title>
                                <eaton-description
                                    jcr:primaryType="nt:unstructured"
                                    sling:resourceType="granite/ui/components/coral/foundation/form/textfield"
                                    fieldLabel="Description"
                                    name="./jcr:content/metadata/dc:description"
                                    renderReadOnly="{Boolean}true"
                                    showEmptyInReadOnly="{Boolean}true">
                                    <granite:data
                                        jcr:primaryType="nt:unstructured"
                                        metaType="text"/>
                                </eaton-description>
                                <eaton-language
                                    cq:showOnCreate="{Boolean}true"
                                    jcr:primaryType="nt:unstructured"
                                    sling:resourceType="dam/gui/components/admin/schemafield"
                                    cq-msm-lockable="cq:tags"
                                    fieldLabel="Language"
                                    metaType="tags"
                                    multiple="true"
                                    name="./jcr:content/metadata/xmp:eaton-language"
                                    optionPath="/content/cq:tags/eaton/language"
                                    rootPath="/content/cq:tags/eaton/language"
                                    required="{Boolean}false"
                                    resourceType="cq/gui/components/coral/common/form/tagfield">
                                    <granite:data
                                        jcr:primaryType="nt:unstructured"
                                        visibilityCascading="default"/>
                                </eaton-language>
                                <eaton-global-country
                                    cq:showOnCreate="{Boolean}true"
                                    jcr:primaryType="nt:unstructured"
                                    sling:resourceType="dam/gui/components/admin/schemafield"
                                    cq-msm-lockable="cq:tags"
                                    fieldLabel="Country"
                                    metaType="tags"
                                    multiple="true"
                                    name="./jcr:content/metadata/xmp:eaton-country"
                                    optionPath="/content/cq:tags/eaton/country"
                                    rootPath="/content/cq:tags/eaton/country"
                                    required="{Boolean}false"
                                    resourceType="cq/gui/components/coral/common/form/tagfield">
                                    <granite:data
                                        jcr:primaryType="nt:unstructured"
                                        visibilityCascading="default"/>
                                </eaton-global-country>
                                <eaton-topic
                                    cq:showOnCreate="{Boolean}true"
                                    jcr:primaryType="nt:unstructured"
                                    sling:resourceType="dam/gui/components/admin/schemafield"
                                    cq-msm-lockable="cq:tags"
                                    fieldLabel="Topic"
                                    metaType="tags"
                                    multiple="true"
                                    name="./jcr:content/metadata/xmp:eaton-topic"
                                    optionPath="/content/cq:tags/eaton/news-releases/Topic"
                                    rootPath="/content/cq:tags/eaton/news-releases/Topic"
                                    required="{Boolean}false"
                                    resourceType="cq/gui/components/coral/common/form/tagfield">
                                    <granite:data
                                        jcr:primaryType="nt:unstructured"
                                        visibilityCascading="default"/>
                                </eaton-topic>
                                <eaton-persona
                                    cq:showOnCreate="{Boolean}true"
                                    jcr:primaryType="nt:unstructured"
                                    sling:resourceType="dam/gui/components/admin/schemafield"
                                    cq-msm-lockable="cq:tags"
                                    fieldLabel="Persona"
                                    metaType="tags"
                                    multiple="true"
                                    name="./jcr:content/metadata/xmp:eaton-persona"
                                    optionPath="/content/cq:tags/eaton/eaton-persona"
                                    rootPath="/content/cq:tags/eaton/eaton-persona"
                                    required="{Boolean}false"
                                    resourceType="cq/gui/components/coral/common/form/tagfield">
                                    <granite:data
                                        jcr:primaryType="nt:unstructured"
                                        visibilityCascading="default"/>
                                </eaton-persona>
                                <eaton-audience
                                    cq:showOnCreate="{Boolean}true"
                                    jcr:primaryType="nt:unstructured"
                                    sling:resourceType="dam/gui/components/admin/schemafield"
                                    cq-msm-lockable="cq:tags"
                                    fieldLabel="Audience"
                                    metaType="tags"
                                    multiple="true"
                                    name="./jcr:content/metadata/xmp:eaton-audience"
                                    optionPath="/content/cq:tags/eaton/eaton-audience"
                                    rootPath="/content/cq:tags/eaton/eaton-audience"
                                    required="{Boolean}false"
                                    resourceType="cq/gui/components/coral/common/form/tagfield">
                                    <granite:data
                                        jcr:primaryType="nt:unstructured"
                                        visibilityCascading="default"/>
                                </eaton-audience>
                                <eaton-segment
                                    cq:showOnCreate="{Boolean}true"
                                    jcr:primaryType="nt:unstructured"
                                    sling:resourceType="dam/gui/components/admin/schemafield"
                                    cq-msm-lockable="cq:tags"
                                    fieldLabel="Segment"
                                    metaType="tags"
                                    multiple="true"
                                    name="./jcr:content/metadata/xmp:eaton-segment"
                                    optionPath="/content/cq:tags/eaton/supermarkets"
                                    rootPath="/content/cq:tags/eaton/supermarkets"
                                    required="{Boolean}false"
                                    resourceType="cq/gui/components/coral/common/form/tagfield">
                                    <granite:data
                                        jcr:primaryType="nt:unstructured"
                                        visibilityCascading="default"/>
                                </eaton-segment>
                            </items>
                        </col0>
                        <col1
                            granite:rel="aem-assets-metadata-form-column"
                            jcr:primaryType="nt:unstructured"
                            sling:resourceType="granite/ui/components/coral/foundation/container"
                            listOrder="1">
                            <items jcr:primaryType="nt:unstructured">
                                <eaton-content-type
                                    cq:showOnCreate="{Boolean}true"
                                    jcr:primaryType="nt:unstructured"
                                    sling:resourceType="dam/gui/components/admin/schemafield"
                                    cq-msm-lockable="cq:tags"
                                    fieldLabel="Content Type"
                                    metaType="tags"
                                    multiple="true"
                                    name="./jcr:content/metadata/xmp:eaton-content-type"
                                    optionPath="/content/cq:tags/eaton/resources"
                                    rootPath="/content/cq:tags/eaton/resources"
                                    required="{Boolean}false"
                                    resourceType="cq/gui/components/coral/common/form/tagfield">
                                    <granite:data
                                        jcr:primaryType="nt:unstructured"
                                        visibilityCascading="default"/>
                                </eaton-content-type>
                                <eaton-b-line-submittal-builder
                                        cq:showOnCreate="{Boolean}true"
                                        jcr:primaryType="nt:unstructured"
                                        sling:resourceType="dam/gui/components/admin/schemafield"
                                        cq-msm-lockable="cq:tags"
                                        fieldLabel="B-Line Submittal Builder"
                                        metaType="tags"
                                        multiple="true"
                                        name="./jcr:content/metadata/xmp:eaton-b-line-submittal-builder"
                                        optionPath="/content/cq:tags/eaton/b-line-submittal-builder"
                                        rootPath="/content/cq:tags/eaton/b-line-submittal-builder"
                                        required="{Boolean}false"
                                        resourceType="cq/gui/components/coral/common/form/tagfield">
                                    <granite:data
                                            jcr:primaryType="nt:unstructured"
                                            visibilityCascading="default"/>
                                </eaton-b-line-submittal-builder>
                                <eaton-eaton-brand
                                        cq:showOnCreate="{Boolean}true"
                                        jcr:primaryType="nt:unstructured"
                                        sling:resourceType="dam/gui/components/admin/schemafield"
                                        cq-msm-lockable="cq:tags"
                                        fieldLabel="Eaton Brand"
                                        metaType="tags"
                                        multiple="true"
                                        name="./jcr:content/metadata/xmp:eaton-eaton-brand"
                                        optionPath="/content/cq:tags/eaton/eaton-brand"
                                        rootPath="/content/cq:tags/eaton/eaton-brand"
                                        required="{Boolean}false"
                                        resourceType="cq/gui/components/coral/common/form/tagfield">
                                    <granite:data
                                            jcr:primaryType="nt:unstructured"
                                            visibilityCascading="default"/>
                                </eaton-eaton-brand>
                                <eaton-news
                                        cq:showOnCreate="{Boolean}true"
                                        jcr:primaryType="nt:unstructured"
                                        sling:resourceType="dam/gui/components/admin/schemafield"
                                        cq-msm-lockable="cq:tags"
                                        fieldLabel="News"
                                        metaType="tags"
                                        multiple="true"
                                        name="./jcr:content/metadata/xmp:eaton-news"
                                        optionPath="/content/cq:tags/eaton/news-releases"
                                        rootPath="/content/cq:tags/eaton/news-releases"
                                        required="{Boolean}false"
                                        resourceType="cq/gui/components/coral/common/form/tagfield">
                                    <granite:data
                                            jcr:primaryType="nt:unstructured"
                                            visibilityCascading="default"/>
                                </eaton-news>
                                <eaton-search-tabs
                                    cq:showOnCreate="{Boolean}true"
                                    jcr:primaryType="nt:unstructured"
                                    sling:resourceType="dam/gui/components/admin/schemafield"
                                    cq-msm-lockable="cq:tags"
                                    fieldLabel="Search Tabs"
                                    metaType="tags"
                                    multiple="true"
                                    name="./jcr:content/metadata/xmp:eaton-search-tabs"
                                    optionPath="/content/cq:tags/eaton/search-tabs"
                                    rootPath="/content/cq:tags/eaton/search-tabs"
                                    required="{Boolean}false"
                                    resourceType="cq/gui/components/coral/common/form/tagfield">
                                    <granite:data
                                        jcr:primaryType="nt:unstructured"
                                        visibilityCascading="default"/>
                                </eaton-search-tabs>
                                <eaton-customer-journey-stage
                                    cq:showOnCreate="{Boolean}true"
                                    jcr:primaryType="nt:unstructured"
                                    sling:resourceType="dam/gui/components/admin/schemafield"
                                    cq-msm-lockable="cq:tags"
                                    fieldLabel="Customer Journey Stage"
                                    metaType="tags"
                                    multiple="true"
                                    name="./jcr:content/metadata/xmp:eaton-customer-journey-stage"
                                    optionPath="/content/cq:tags/eaton/eaton-customer-journey-stage"
                                    rootPath="/content/cq:tags/eaton/eaton-customer-journey-stage"
                                    required="{Boolean}false"
                                    resourceType="cq/gui/components/coral/common/form/tagfield">
                                    <granite:data
                                        jcr:primaryType="nt:unstructured"
                                        visibilityCascading="default"/>
                                </eaton-customer-journey-stage>
                            </items>
                        </col1>
                        <col2
                            granite:rel="aem-assets-metadata-form-column"
                            jcr:primaryType="nt:unstructured"
                            sling:resourceType="granite/ui/components/coral/foundation/container"
                            listOrder="2">
                            <items jcr:primaryType="nt:unstructured">
                                <eaton-metadata-review
                                    jcr:primaryType="nt:unstructured"
                                    sling:resourceType="granite/ui/components/coral/foundation/form/textfield"
                                    fieldLabel="Metadata Review"
                                    name="./jcr:content/metadata/xmp:eaton-metadata-review"
                                    renderReadOnly="{Boolean}true"
                                    showEmptyInReadOnly="{Boolean}true">
                                    <granite:data
                                        jcr:primaryType="nt:unstructured"
                                        metaType="text"/>
                                </eaton-metadata-review>
                                <eaton-itar-compliance
                                    jcr:primaryType="nt:unstructured"
                                    sling:resourceType="granite/ui/components/coral/foundation/form/textfield"
                                    fieldLabel="ITAR Compliance"
                                    name="./jcr:content/metadata/xmp:eaton-itar-compliance"
                                    renderReadOnly="{Boolean}true"
                                    showEmptyInReadOnly="{Boolean}true">
                                    <granite:data
                                        jcr:primaryType="nt:unstructured"
                                        metaType="text"/>
                                </eaton-itar-compliance>
                                <eaton-image-rights
                                    jcr:primaryType="nt:unstructured"
                                    sling:resourceType="granite/ui/components/coral/foundation/form/textfield"
                                    fieldLabel="Image Rights"
                                    name="./jcr:content/metadata/xmp:eaton-image-rights"
                                    renderReadOnly="{Boolean}true"
                                    showEmptyInReadOnly="{Boolean}true">
                                    <granite:data
                                        jcr:primaryType="nt:unstructured"
                                        metaType="text"/>
                                </eaton-image-rights>
                                <eaton-photo-orientation
                                    jcr:primaryType="nt:unstructured"
                                    sling:resourceType="granite/ui/components/coral/foundation/form/textfield"
                                    fieldLabel="Photo Orientation"
                                    name="./jcr:content/metadata/xmp:eaton-photo-orientation"
                                    renderReadOnly="{Boolean}true"
                                    showEmptyInReadOnly="{Boolean}true">
                                    <granite:data
                                        jcr:primaryType="nt:unstructured"
                                        metaType="text"/>
                                </eaton-photo-orientation>
                                <eaton-rights-restricted-detail
                                    jcr:primaryType="nt:unstructured"
                                    sling:resourceType="granite/ui/components/coral/foundation/form/textarea"
                                    fieldLabel="Rights Restricted Detail"
                                    name="./jcr:content/metadata/xmp:eaton-rights-restricted-detail"
                                    renderReadOnly="{Boolean}true"
                                    showEmptyInReadOnly="{Boolean}true">
                                    <granite:data
                                        jcr:primaryType="nt:unstructured"
                                        metaType="text"/>
                                </eaton-rights-restricted-detail>
                                <eaton-content-status
                                    jcr:primaryType="nt:unstructured"
                                    sling:resourceType="granite/ui/components/coral/foundation/form/textfield"
                                    fieldLabel="Content Status"
                                    name="./jcr:content/metadata/dam:status"
                                    renderReadOnly="{Boolean}true"
                                    showEmptyInReadOnly="{Boolean}true">
                                    <granite:data
                                        jcr:primaryType="nt:unstructured"
                                        metaType="text"/>
                                </eaton-content-status>
                                <eaton-expiration-date
                                    jcr:primaryType="nt:unstructured"
                                    sling:resourceType="granite/ui/components/coral/foundation/form/datepicker"
                                    displayedFormat="YYYY-MM-DD HH:mm"
                                    fieldLabel="Expiration Date"
                                    name="./jcr:content/metadata/prism:expirationDate"
                                    renderReadOnly="{Boolean}true"
                                    showEmptyInReadOnly="{Boolean}true"
                                    type="datetime">
                                    <granite:data
                                        jcr:primaryType="nt:unstructured"
                                        metaType="datepicker"
                                        typeHint="Date"/>
                                </eaton-expiration-date>
                                <eaton-asset-publication-date
                                    jcr:primaryType="nt:unstructured"
                                    sling:resourceType="granite/ui/components/coral/foundation/form/datepicker"
                                    displayedFormat="YYYY-MM-DD HH:mm"
                                    fieldLabel="Asset Publication Date"
                                    name="./jcr:content/metadata/assetPublicationDate"
                                    renderReadOnly="{Boolean}true"
                                    showEmptyInReadOnly="{Boolean}true"
                                    type="datetime">
                                    <granite:data
                                        jcr:primaryType="nt:unstructured"
                                        metaType="datepicker"
                                        typeHint="Date"/>
                                </eaton-asset-publication-date>
                                <eaton-original-creation-date
                                    jcr:primaryType="nt:unstructured"
                                    sling:resourceType="granite/ui/components/coral/foundation/form/datepicker"
                                    displayedFormat="YYYY-MM-DD HH:mm"
                                    fieldLabel="Original Creation Date"
                                    name="./jcr:content/metadata/bornOnDate"
                                    renderReadOnly="{Boolean}true"
                                    showEmptyInReadOnly="{Boolean}true"
                                    type="datetime">
                                    <granite:data
                                        jcr:primaryType="nt:unstructured"
                                        metaType="datepicker"
                                        typeHint="Date"/>
                                </eaton-original-creation-date>
                                <eaton-keywords
                                    jcr:primaryType="nt:unstructured"
                                    sling:resourceType="null"
                                    fieldLabel="Keywords"
                                    name="./jcr:content/metadata/dc:subject"
                                    renderReadOnly="{Boolean}true"
                                    showEmptyInReadOnly="{Boolean}true">
                                    <granite:data
                                        jcr:primaryType="nt:unstructured"
                                        metaType="mvtext"/>
                                </eaton-keywords>
                            </items>
                        </col2>
                    </items>
                </tab0>
                <tab1
                    granite:rel="aem-assets-metadata-form-tab"
                    jcr:primaryType="nt:unstructured"
                    jcr:title="Product Information"
                    sling:resourceType="granite/ui/components/coral/foundation/container"
                    listOrder="1">
                    <granite:data
                        jcr:primaryType="nt:unstructured"
                        tabid="f8ad77eb-29d7-483d-9673-7a2f357c286e"/>
                    <items jcr:primaryType="nt:unstructured">
                        <col0
                            granite:rel="aem-assets-metadata-form-column"
                            jcr:primaryType="nt:unstructured"
                            sling:resourceType="granite/ui/components/coral/foundation/container"
                            listOrder="0">
                            <items jcr:primaryType="nt:unstructured">
                                <eaton-product-taxonomy
                                    cq:showOnCreate="{Boolean}true"
                                    jcr:primaryType="nt:unstructured"
                                    sling:resourceType="dam/gui/components/admin/schemafield"
                                    cq-msm-lockable="cq:tags"
                                    fieldLabel="Product Taxonomy"
                                    metaType="tags"
                                    multiple="true"
                                    name="./jcr:content/metadata/xmp:eaton-product-taxonomy"
                                    optionPath="/content/cq:tags/eaton/product-taxonomy"
                                    rootPath="/content/cq:tags/eaton/product-taxonomy"
                                    required="{Boolean}false"
                                    resourceType="cq/gui/components/coral/common/form/tagfield">
                                    <granite:data
                                        jcr:primaryType="nt:unstructured"
                                        visibilityCascading="default"/>
                                </eaton-product-taxonomy>
                                <eaton-services-taxonomy
                                    cq:showOnCreate="{Boolean}true"
                                    jcr:primaryType="nt:unstructured"
                                    sling:resourceType="dam/gui/components/admin/schemafield"
                                    cq-msm-lockable="cq:tags"
                                    fieldLabel="Services Taxonomy"
                                    metaType="tags"
                                    multiple="true"
                                    name="./jcr:content/metadata/xmp:eaton-services-taxonomy"
                                    optionPath="/content/cq:tags/eaton/services"
                                    rootPath="/content/cq:tags/eaton/services"
                                    required="{Boolean}false"
                                    resourceType="cq/gui/components/coral/common/form/tagfield">
                                    <granite:data
                                        jcr:primaryType="nt:unstructured"
                                        visibilityCascading="default"/>
                                </eaton-services-taxonomy>
                                <eaton-support-taxonomy
                                    cq:showOnCreate="{Boolean}true"
                                    jcr:primaryType="nt:unstructured"
                                    sling:resourceType="dam/gui/components/admin/schemafield"
                                    cq-msm-lockable="cq:tags"
                                    fieldLabel="Support Taxonomy"
                                    metaType="tags"
                                    multiple="true"
                                    name="./jcr:content/metadata/xmp:eaton-support-taxonomy"
                                    optionPath="/content/cq:tags/eaton/support-taxonomy"
                                    rootPath="/content/cq:tags/eaton/support-taxonomy"
                                    required="{Boolean}false"
                                    resourceType="cq/gui/components/coral/common/form/tagfield">
                                    <granite:data
                                        jcr:primaryType="nt:unstructured"
                                        visibilityCascading="default"/>
                                </eaton-support-taxonomy>
                                <eaton-myeaton-taxonomy
                                    cq:showOnCreate="{Boolean}true"
                                    jcr:primaryType="nt:unstructured"
                                    sling:resourceType="dam/gui/components/admin/schemafield"
                                    cq-msm-lockable="cq:tags"
                                    fieldLabel="MyEaton Taxonomy"
                                    metaType="tags"
                                    multiple="true"
                                    name="./jcr:content/metadata/xmp:eaton-myeaton-taxonomy"
                                    optionPath="/content/cq:tags/eaton/myeaton-taxonomy"
                                    rootPath="/content/cq:tags/eaton/myeaton-taxonomy"
                                    required="{Boolean}false"
                                    resourceType="cq/gui/components/coral/common/form/tagfield">
                                    <granite:data
                                        jcr:primaryType="nt:unstructured"
                                        visibilityCascading="default"/>
                                </eaton-myeaton-taxonomy>
                            </items>
                        </col0>
                        <col1
                            granite:rel="aem-assets-metadata-form-column"
                            jcr:primaryType="nt:unstructured"
                            sling:resourceType="granite/ui/components/coral/foundation/container"
                            listOrder="1">
                            <items jcr:primaryType="nt:unstructured">
                                <eaton-business-unit-function-division
                                    cq:showOnCreate="{Boolean}true"
                                    jcr:primaryType="nt:unstructured"
                                    sling:resourceType="dam/gui/components/admin/schemafield"
                                    cq-msm-lockable="cq:tags"
                                    fieldLabel="Business Unit, Function, Division"
                                    metaType="tags"
                                    multiple="true"
                                    name="./jcr:content/metadata/xmp:eaton-business-unit-function-division"
                                    optionPath="/content/cq:tags/eaton/eaton-business-unit-function-division"
                                    rootPath="/content/cq:tags/eaton/eaton-business-unit-function-division"
                                    required="{Boolean}false"
                                    resourceType="cq/gui/components/coral/common/form/tagfield">
                                    <granite:data
                                        jcr:primaryType="nt:unstructured"
                                        visibilityCascading="default"/>
                                </eaton-business-unit-function-division>
                                <eaton-product-attribute
                                    cq:showOnCreate="{Boolean}true"
                                    jcr:primaryType="nt:unstructured"
                                    sling:resourceType="dam/gui/components/admin/schemafield"
                                    cq-msm-lockable="cq:tags"
                                    fieldLabel="Product Attribute"
                                    metaType="tags"
                                    multiple="true"
                                    name="./jcr:content/metadata/xmp:eaton-product-attributes"
                                    optionPath="/content/cq:tags/eaton/product-attributes"
                                    rootPath="/content/cq:tags/eaton/product-attributes"
                                    required="{Boolean}false"
                                    resourceType="cq/gui/components/coral/common/form/tagfield">
                                    <granite:data
                                        jcr:primaryType="nt:unstructured"
                                        visibilityCascading="default"/>
                                </eaton-product-attribute>
                            </items>
                        </col1>
                    </items>
                </tab1>
                <tab2
                    granite:rel="aem-assets-metadata-form-tab"
                    jcr:primaryType="nt:unstructured"
                    jcr:title="File Information"
                    sling:resourceType="granite/ui/components/coral/foundation/container"
                    listOrder="2">
                    <granite:data
                        jcr:primaryType="nt:unstructured"
                        tabid="f84cc8d6-60ab-474e-bdf8-a0b7a434f289"/>
                    <items jcr:primaryType="nt:unstructured">
                        <col0
                            granite:rel="aem-assets-metadata-form-column"
                            jcr:primaryType="nt:unstructured"
                            sling:resourceType="granite/ui/components/coral/foundation/container"
                            listOrder="0">
                            <items jcr:primaryType="nt:unstructured">
                                <eaton-file-size
                                    jcr:primaryType="nt:unstructured"
                                    sling:resourceType="granite/ui/components/coral/foundation/form/filesizefield"
                                    fieldLabel="File Size"
                                    name="./jcr:content/metadata/dam:size"
                                    renderReadOnly="{Boolean}true"
                                    showEmptyInReadOnly="{Boolean}true">
                                    <granite:data
                                        jcr:primaryType="nt:unstructured"
                                        metaType="text"/>
                                </eaton-file-size>
                                <eaton-file-type
                                    jcr:primaryType="nt:unstructured"
                                    sling:resourceType="granite/ui/components/coral/foundation/form/textfield"
                                    fieldLabel="File Type"
                                    name="./jcr:content/metadata/dc:format"
                                    renderReadOnly="{Boolean}true"
                                    showEmptyInReadOnly="{Boolean}true">
                                    <granite:data
                                        jcr:primaryType="nt:unstructured"
                                        metaType="text"/>
                                </eaton-file-type>
                                <eaton-image-height
                                    jcr:primaryType="nt:unstructured"
                                    sling:resourceType="granite/ui/components/coral/foundation/form/textfield"
                                    fieldLabel="Image Height"
                                    name="./jcr:content/metadata/tiff:ImageLength"
                                    renderReadOnly="{Boolean}true"
                                    showEmptyInReadOnly="{Boolean}true">
                                    <granite:data
                                        jcr:primaryType="nt:unstructured"
                                        metaType="text"/>
                                </eaton-image-height>
                                <eaton-image-width
                                    jcr:primaryType="nt:unstructured"
                                    sling:resourceType="granite/ui/components/coral/foundation/form/textfield"
                                    fieldLabel="Image Width"
                                    name="./jcr:content/metadata/tiff:ImageWidth"
                                    renderReadOnly="{Boolean}true"
                                    showEmptyInReadOnly="{Boolean}true">
                                    <granite:data
                                        jcr:primaryType="nt:unstructured"
                                        metaType="text"/>
                                </eaton-image-width>
                                <eaton-aspect-ratio
                                    jcr:primaryType="nt:unstructured"
                                    sling:resourceType="granite/ui/components/coral/foundation/form/textfield"
                                    fieldLabel="Aspect Ratio"
                                    name="./jcr:content/metadata/xmp:eaton-aspect-ratio"
                                    renderReadOnly="{Boolean}true"
                                    showEmptyInReadOnly="{Boolean}true">
                                    <granite:data
                                        jcr:primaryType="nt:unstructured"
                                        metaType="text"/>
                                </eaton-aspect-ratio>
                                <eaton-duration
                                    jcr:primaryType="nt:unstructured"
                                    sling:resourceType="granite/ui/components/coral/foundation/form/durationfield"
                                    fieldLabel="Duration"
                                    name="./jcr:content/metadata/dc:extent"
                                    renderReadOnly="{Boolean}true"
                                    showEmptyInReadOnly="{Boolean}true">
                                    <granite:data
                                        jcr:primaryType="nt:unstructured"
                                        metaType="text"/>
                                </eaton-duration>
                                <eaton-sales-enablement
                                    jcr:primaryType="nt:unstructured"
                                    sling:resourceType="granite/ui/components/coral/foundation/form/textfield"
                                    fieldLabel="Sales Enablement"
                                    name="./jcr:content/metadata/xmp:eaton-sales-enablement"
                                    renderReadOnly="{Boolean}true"
                                    showEmptyInReadOnly="{Boolean}true">
                                    <granite:data
                                        jcr:primaryType="nt:unstructured"
                                        metaType="text"/>
                                </eaton-sales-enablement>
                                <eaton-percolate-asset-id
                                    jcr:primaryType="nt:unstructured"
                                    sling:resourceType="granite/ui/components/coral/foundation/form/textfield"
                                    fieldLabel="Percolate Asset ID"
                                    name="./jcr:content/metadata/xmp:eaton-percolate-asset-id"
                                    renderReadOnly="{Boolean}true"
                                    showEmptyInReadOnly="{Boolean}true">
                                    <granite:data
                                        jcr:primaryType="nt:unstructured"
                                        metaType="text"/>
                                </eaton-percolate-asset-id>
                            </items>
                        </col0>
                        <col1
                            granite:rel="aem-assets-metadata-form-column"
                            jcr:primaryType="nt:unstructured"
                            sling:resourceType="granite/ui/components/coral/foundation/container"
                            listOrder="1">
                            <items jcr:primaryType="nt:unstructured">
                                <eaton-created-by
                                    jcr:primaryType="nt:unstructured"
                                    sling:resourceType="granite/ui/components/coral/foundation/form/textfield"
                                    fieldLabel="Created By"
                                    name="./jcr:content/metadata/dc:creator"
                                    renderReadOnly="{Boolean}true"
                                    showEmptyInReadOnly="{Boolean}true">
                                    <granite:data
                                        jcr:primaryType="nt:unstructured"
                                        metaType="text"/>
                                </eaton-created-by>
                                <eaton-modified-date
                                    jcr:primaryType="nt:unstructured"
                                    sling:resourceType="granite/ui/components/coral/foundation/form/datepicker"
                                    displayedFormat="YYYY-MM-DD HH:mm"
                                    fieldLabel="Modified Date"
                                    name="./jcr:content/jcr:lastModified"
                                    renderReadOnly="{Boolean}true"
                                    showEmptyInReadOnly="{Boolean}true"
                                    type="datetime">
                                    <granite:data
                                        jcr:primaryType="nt:unstructured"
                                        metaType="datepicker"
                                        typeHint="Date"/>
                                </eaton-modified-date>
                                <eaton-modified-by
                                    jcr:primaryType="nt:unstructured"
                                    sling:resourceType="granite/ui/components/coral/foundation/form/textfield"
                                    fieldLabel="Modified By"
                                    name="./jcr:content/metadata/xmp:eaton-modified-by"
                                    renderReadOnly="{Boolean}true"
                                    showEmptyInReadOnly="{Boolean}true">
                                    <granite:data
                                        jcr:primaryType="nt:unstructured"
                                        metaType="text"/>
                                </eaton-modified-by>
                                <eaton-uploaded-date
                                    jcr:primaryType="nt:unstructured"
                                    sling:resourceType="granite/ui/components/coral/foundation/form/datepicker"
                                    displayedFormat="YYYY-MM-DD HH:mm"
                                    fieldLabel="Uploaded Date"
                                    name="./jcr:created"
                                    renderReadOnly="{Boolean}true"
                                    showEmptyInReadOnly="{Boolean}true"
                                    type="datetime">
                                    <granite:data
                                        jcr:primaryType="nt:unstructured"
                                        metaType="datepicker"
                                        typeHint="Date"/>
                                </eaton-uploaded-date>
                                <eaton-uploaded-by
                                    jcr:primaryType="nt:unstructured"
                                    sling:resourceType="granite/ui/components/coral/foundation/form/textfield"
                                    fieldLabel="Uploaded By"
                                    name="./jcr:content/metadata/xmp:eaton-imported-by"
                                    renderReadOnly="{Boolean}true"
                                    showEmptyInReadOnly="{Boolean}true">
                                    <granite:data
                                        jcr:primaryType="nt:unstructured"
                                        metaType="text"/>
                                </eaton-uploaded-by>
                                <eaton-last-replication-date
                                    jcr:primaryType="nt:unstructured"
                                    sling:resourceType="granite/ui/components/coral/foundation/form/datepicker"
                                    displayedFormat="YYYY-MM-DD HH:mm"
                                    fieldLabel="Last Replication Date"
                                    name="./jcr:content/cq:lastReplicated"
                                    renderReadOnly="{Boolean}true"
                                    showEmptyInReadOnly="{Boolean}true"
                                    type="datetime">
                                    <granite:data
                                        jcr:primaryType="nt:unstructured"
                                        metaType="datepicker"
                                        typeHint="Date"/>
                                </eaton-last-replication-date>
                                <eaton-last-replication-action
                                    jcr:primaryType="nt:unstructured"
                                    sling:resourceType="granite/ui/components/coral/foundation/form/textfield"
                                    fieldLabel="Last Replication Action"
                                    name="./jcr:content/cq:lastReplicationAction"
                                    renderReadOnly="{Boolean}true"
                                    showEmptyInReadOnly="{Boolean}true">
                                    <granite:data
                                        jcr:primaryType="nt:unstructured"
                                        metaType="text"/>
                                </eaton-last-replication-action>
                                <eaton-enovia-number
                                    jcr:primaryType="nt:unstructured"
                                    sling:resourceType="granite/ui/components/coral/foundation/form/textfield"
                                    fieldLabel="Enovia Number"
                                    name="./jcr:content/metadata/xmp:eaton-enovia-number"
                                    renderReadOnly="{Boolean}true"
                                    showEmptyInReadOnly="{Boolean}true">
                                    <granite:data
                                        jcr:primaryType="nt:unstructured"
                                        metaType="text"/>
                                </eaton-enovia-number>
                            </items>
                        </col1>
                        <col2
                                granite:rel="aem-assets-metadata-form-column"
                                jcr:primaryType="nt:unstructured"
                                sling:resourceType="granite/ui/components/coral/foundation/container"
                                listOrder="2">
                            <items jcr:primaryType="nt:unstructured">

                                <eaton-eccn
                                        jcr:primaryType="nt:unstructured"
                                        sling:resourceType="granite/ui/components/coral/foundation/form/textfield"
                                        fieldLabel="ECCN"
                                        name="./jcr:content/metadata/xmp:eaton-eccn"
                                        renderReadOnly="{Boolean}true"
                                        showEmptyInReadOnly="{Boolean}true">
                                    <granite:data
                                            jcr:primaryType="nt:unstructured"
                                            metaType="text"/>
                                </eaton-eccn>
                                <eaton-part-description
                                        jcr:primaryType="nt:unstructured"
                                        sling:resourceType="granite/ui/components/coral/foundation/form/textfield"
                                        fieldLabel="Part Description"
                                        name="./jcr:content/metadata/xmp:eaton-part-description"
                                        renderReadOnly="{Boolean}true"
                                        showEmptyInReadOnly="{Boolean}true">
                                    <granite:data
                                            jcr:primaryType="nt:unstructured"
                                            metaType="text"/>
                                </eaton-part-description>
                                <eaton-part-number
                                        jcr:primaryType="nt:unstructured"
                                        sling:resourceType="granite/ui/components/coral/foundation/form/textfield"
                                        fieldLabel="Part Number"
                                        name="./jcr:content/metadata/xmp:eaton-part-number"
                                        renderReadOnly="{Boolean}true"
                                        showEmptyInReadOnly="{Boolean}true">
                                    <granite:data
                                            jcr:primaryType="nt:unstructured"
                                            metaType="text"/>
                                </eaton-part-number>
                                <eaton-product-line
                                        jcr:primaryType="nt:unstructured"
                                        sling:resourceType="granite/ui/components/coral/foundation/form/textfield"
                                        fieldLabel="Product Category"
                                        name="./jcr:content/metadata/xmp:eaton-product-line"
                                        renderReadOnly="{Boolean}true"
                                        showEmptyInReadOnly="{Boolean}true">
                                    <granite:data
                                            jcr:primaryType="nt:unstructured"
                                            metaType="text"/>
                                </eaton-product-line>
                                    <eaton-sha
                                            jcr:primaryType="nt:unstructured"
                                            sling:resourceType="granite/ui/components/coral/foundation/form/textfield"
                                            fieldLabel="SHA Hash"
                                            name="./jcr:content/metadata/xmp:eaton-sha"
                                            renderReadOnly="{Boolean}true"
                                            showEmptyInReadOnly="{Boolean}true">
                                        <granite:data
                                                jcr:primaryType="nt:unstructured"
                                                metaType="text"/>
                                    </eaton-sha>



                            </items>
                        </col2>
                    </items>
                </tab2>
                <tab3
                    granite:rel="aem-assets-metadata-form-tab"
                    jcr:primaryType="nt:unstructured"
                    jcr:title="Secure"
                    sling:resourceType="granite/ui/components/coral/foundation/container"
                    listOrder="3">
                    <granite:data
                        jcr:primaryType="nt:unstructured"
                        tabid="f8ad77eb-29d7-483d-9673-7a2f357c286e"/>
                    <items jcr:primaryType="nt:unstructured">
                        <col0
                            granite:rel="aem-assets-metadata-form-column"
                            jcr:primaryType="nt:unstructured"
                            sling:resourceType="granite/ui/components/coral/foundation/container"
                            listOrder="0">
                            <items jcr:primaryType="nt:unstructured">
                                <eaton-secure
                                    jcr:primaryType="nt:unstructured"
                                    sling:resourceType="granite/ui/components/coral/foundation/form/textfield"
                                    fieldLabel="Secure"
                                    name="./jcr:content/metadata/secureAsset"
                                    renderReadOnly="{Boolean}true"
                                    showEmptyInReadOnly="{Boolean}true">
                                    <granite:data
                                        jcr:primaryType="nt:unstructured"
                                        metaType="text"/>
                                </eaton-secure>
                                <product-category
                                    cq:showOnCreate="{Boolean}true"
                                    jcr:primaryType="nt:unstructured"
                                    sling:resourceType="dam/gui/components/admin/schemafield"
                                    cq-msm-lockable="cq:tags"
                                    fieldLabel="Product Category"
                                    metaType="tags"
                                    multiple="true"
                                    name="./jcr:content/metadata/productCategories"
                                    optionPath="/content/cq:tags/eaton-secure/product-category"
                                    rootPath="/content/cq:tags/eaton-secure/product-category"
                                    required="{Boolean}false"
                                    resourceType="cq/gui/components/coral/common/form/tagfield">
                                    <granite:data
                                        jcr:primaryType="nt:unstructured"
                                        visibilityCascading="default"/>
                                </product-category>
                                <accountType
                                    cq:showOnCreate="{Boolean}true"
                                    jcr:primaryType="nt:unstructured"
                                    sling:resourceType="dam/gui/components/admin/schemafield"
                                    cq-msm-lockable="cq:tags"
                                    fieldLabel="Account Type"
                                    metaType="tags"
                                    multiple="true"
                                    name="./jcr:content/metadata/accountType"
                                    optionPath="/content/cq:tags/eaton-secure/accounttype"
                                    rootPath="/content/cq:tags/eaton-secure/accounttype"
                                    required="{Boolean}false"
                                    resourceType="cq/gui/components/coral/common/form/tagfield">
                                    <granite:data
                                        jcr:primaryType="nt:unstructured"
                                        visibilityCascading="default"/>
                                </accountType>
                                <application-access
                                    cq:showOnCreate="{Boolean}true"
                                    jcr:primaryType="nt:unstructured"
                                    sling:resourceType="dam/gui/components/admin/schemafield"
                                    cq-msm-lockable="cq:tags"
                                    fieldLabel="Application Access"
                                    metaType="tags"
                                    multiple="true"
                                    name="./jcr:content/metadata/applicationAccess"
                                    optionPath="/content/cq:tags/eaton-secure/application-access"
                                    rootPath="/content/cq:tags/eaton-secure/application-access"
                                    required="{Boolean}false"
                                    resourceType="cq/gui/components/coral/common/form/tagfield">
                                    <granite:data
                                        jcr:primaryType="nt:unstructured"
                                        visibilityCascading="default"/>
                                </application-access>
                                <eaton-secure-country
                                    cq:showOnCreate="{Boolean}true"
                                    jcr:primaryType="nt:unstructured"
                                    sling:resourceType="dam/gui/components/admin/schemafield"
                                    cq-msm-lockable="cq:tags"
                                    fieldLabel="Country (Secure)"
                                    metaType="tags"
                                    multiple="true"
                                    name="./jcr:content/metadata/countries"
                                    optionPath="/content/cq:tags/eaton/country"
                                    rootPath="/content/cq:tags/eaton/country"
                                    required="{Boolean}false"
                                    resourceType="cq/gui/components/coral/common/form/tagfield">
                                    <granite:data
                                        jcr:primaryType="nt:unstructured"
                                        visibilityCascading="default"/>
                                </eaton-secure-country>
                                <eaton-additional-attributes
                                    jcr:primaryType="nt:unstructured"
                                    sling:resourceType="dam/gui/coral/components/admin/schemaforms/formbuilder/sectionfield"
                                    fieldLabel="Additional Attributes"
                                    name="./jcr:content/metadata/xmp:eaton-additional-attributes"
                                    metaType="section"/>
                                <eaton-partner-program-type
                                    cq:showOnCreate="{Boolean}true"
                                    jcr:primaryType="nt:unstructured"
                                    sling:resourceType="dam/gui/components/admin/schemafield"
                                    cq-msm-lockable="cq:tags"
                                    fieldLabel="Partner Program Type"
                                    metaType="tags"
                                    multiple="true"
                                    name="./jcr:content/metadata/xmp:eaton-partner-program-type"
                                    optionPath="/content/cq:tags/eaton-secure/partner-programme-type"
                                    rootPath="/content/cq:tags/eaton-secure/partner-programme-type"
                                    required="{Boolean}false"
                                    resourceType="cq/gui/components/coral/common/form/tagfield">
                                    <granite:data
                                        jcr:primaryType="nt:unstructured"
                                        visibilityCascading="default"/>
                                </eaton-partner-program-type>
                                <eaton-tier-level
                                    cq:showOnCreate="{Boolean}true"
                                    jcr:primaryType="nt:unstructured"
                                    sling:resourceType="dam/gui/components/admin/schemafield"
                                    cq-msm-lockable="cq:tags"
                                    fieldLabel="Tier Level"
                                    metaType="tags"
                                    multiple="true"
                                    name="./jcr:content/metadata/xmp:eaton-tier-level"
                                    optionPath="/content/cq:tags/eaton-secure/tier-level"
                                    rootPath="/content/cq:tags/eaton-secure/tier-level"
                                    required="{Boolean}false"
                                    resourceType="cq/gui/components/coral/common/form/tagfield">
                                    <granite:data
                                        jcr:primaryType="nt:unstructured"
                                        visibilityCascading="default"/>
                                </eaton-tier-level>
                            </items>
                        </col0>
                    </items>
                </tab3>
            </items>
        </tabs>
    </items>
</jcr:root>
