<?xml version="1.0" encoding="UTF-8"?>
<jcr:root xmlns:sling="http://sling.apache.org/jcr/sling/1.0" xmlns:granite="http://www.adobe.com/jcr/granite/1.0" xmlns:cq="http://www.day.com/jcr/cq/1.0" xmlns:jcr="http://www.jcp.org/jcr/1.0" xmlns:nt="http://www.jcp.org/jcr/nt/1.0"
    jcr:primaryType="nt:unstructured"
    jcr:title="Card List"
    sling:resourceType="cq/gui/components/authoring/dialog"
    helpPath="https://www.adobe.com/go/aem6_2_docs_component_en#Text - Sightly">
    <content
        jcr:primaryType="nt:unstructured"
        sling:resourceType="granite/ui/components/foundation/container">
        <layout
            jcr:primaryType="nt:unstructured"
            sling:resourceType="granite/ui/components/foundation/layouts/fixedcolumns"
            margin="{Boolean}false"
            type="nav"/>
        <items jcr:primaryType="nt:unstructured">
            <cardlist
                jcr:primaryType="nt:unstructured"
                jcr:title="Component Properties"
                sling:resourceType="granite/ui/components/foundation/section">
                <layout
                    jcr:primaryType="nt:unstructured"
                    sling:resourceType="granite/ui/components/foundation/layouts/fixedcolumns"/>
                <items jcr:primaryType="nt:unstructured">
                    <column
                        jcr:primaryType="nt:unstructured"
                        sling:resourceType="granite/ui/components/foundation/container">
                        <items jcr:primaryType="nt:unstructured">
                            <view
                                jcr:primaryType="nt:unstructured"
                                sling:resourceType="granite/ui/components/foundation/form/select"
                                class="cq-dialog-dropdown-showhide"
                                cq-dialog-dropdown-showhide-target=".image-hide-show"
                                fieldDescription="This field stores the value for List view."
                                fieldLabel="View *"
                                name="./view"
                                required="true">
                                <items jcr:primaryType="nt:unstructured">
                                    <withImages
                                        jcr:primaryType="nt:unstructured"
                                        text="With Images"
                                        value="cardList-with-images"/>
                                    <withoutImages
                                        jcr:primaryType="nt:unstructured"
                                        text="Without Images"
                                        value="cardList-without-image"/>
                                </items>
                            </view>
                            <cardsHeader
                                jcr:primaryType="nt:unstructured"
                                sling:resourceType="granite/ui/components/foundation/form/textfield"
                                fieldDescription="This field stores the value for Header field."
                                fieldLabel="Header"
                                name="./cardsHeader"/>
                            <list-type
                                jcr:primaryType="nt:unstructured"
                                sling:resourceType="granite/ui/components/foundation/form/select"
                                class="cq-dialog-dropdown-showhide"
                                cq-dialog-dropdown-showhide-target=".list-type-show-hide"
                                fieldDescription="This field stores the value for list type for article list. There are four options: Child page, Tags and Fixed."
                                fieldLabel="List Type *"
                                name="./listType"
                                required="true">
                                <items jcr:primaryType="nt:unstructured">
                                    <child-pages
                                        jcr:primaryType="nt:unstructured"
                                        text="Child Page"
                                        value="child-pages"/>
                                    <tags
                                        jcr:primaryType="nt:unstructured"
                                        text="Tags"
                                        value="tags"/>
                                    <fixed-list
                                        jcr:primaryType="nt:unstructured"
                                        text="Fixed List"
                                        value="fixed-list"/>
                                    <manual-list
                                        jcr:primaryType="nt:unstructured"
                                        text="Manual List"
                                        value="manual-list"/>
                                </items>
                            </list-type>
                            <parentPage
                                jcr:primaryType="nt:unstructured"
                                sling:resourceType="eaton/components/widgets/contextualpathbrowser"
                                class="hide list-type-show-hide"
                                fieldDescription="This field stores the value of parent page path. This field is applicable when List Type selected is “Child Page”."
                                fieldLabel="Parent Page *"
                                name="./parentPage"
                                required="true"
                                showhidetargetvalue="child-pages"/>
                            <tags
                                jcr:primaryType="nt:unstructured"
                                sling:resourceType="cq/gui/components/common/tagspicker"
                                class="hide list-type-show-hide"
                                fieldDescription="This field stores the value of tags field. This field is applicable when List Type selected is “Tags”."
                                fieldLabel="Tags *"
                                name="./tags"
                                required="true"
                                showhidetargetvalue="tags"/>
                            <tagsType
                                jcr:primaryType="nt:unstructured"
                                sling:resourceType="granite/ui/components/foundation/form/select"
                                class="hide list-type-show-hide"
                                fieldDescription="This field stores the value of sort field. There are four options: Publication Date, Title, Created Date, Last Modified and Template. This field is applicable when List Type selected is “Child Page” or “Tags”"
                                fieldLabel="Tags Type *"
                                name="./tagsType"
                                required="true"
                                showhidetargetvalue="tags">
                                <items jcr:primaryType="nt:unstructured">
                                    <any
                                        jcr:primaryType="nt:unstructured"
                                        text="Any"
                                        value="any"/>
                                    <all
                                        jcr:primaryType="nt:unstructured"
                                        text="All"
                                        value="all"/>
                                </items>
                            </tagsType>
                            <openNewWindow
                                jcr:primaryType="nt:unstructured"
                                sling:resourceType="granite/ui/components/foundation/form/checkbox"
                                class="hide list-type-show-hide"
                                fieldDescription="This field indicates if the url would open in new window or not. This is applicable for list type is child page and Tags"
                                name="./openNewWindow"
                                showhidetargetvalue="tags,child-pages"
                                text="Open in New Window"
                                value="true"/>
                            <fixedLinks
                                granite:class="hide list-type-show-hide"
                                jcr:primaryType="nt:unstructured"
                                sling:resourceType="granite/ui/components/coral/foundation/form/multifield"
                                composite="{Boolean}true"
                                fieldDescription="This field stores the various attributes of fixed link object. This field is applicable when List Type selected is “Fixed”"
                                fieldLabel="Fixed Links">
                                <granite:data
                                    jcr:primaryType="nt:unstructured"
                                    showhidetargetvalue="fixed-list"/>
                                <field
                                    jcr:primaryType="nt:unstructured"
                                    sling:resourceType="granite/ui/components/coral/foundation/container"
                                    name="./fixedLinks">
                                    <items jcr:primaryType="nt:unstructured">
                                        <column
                                            jcr:primaryType="nt:unstructured"
                                            sling:resourceType="granite/ui/components/coral/foundation/container">
                                            <items jcr:primaryType="nt:unstructured">
                                                <fixedLinkPath
                                                    jcr:primaryType="nt:unstructured"
                                                    sling:resourceType="eaton/components/widgets/contextualpathbrowser"
                                                    fieldDescription="This field stores the path for Article page. This field is applicable when List Type selected is “Fixed”"
                                                    fieldLabel="Link Path *"
                                                    name="./fixedLinkPath"
                                                    required="true"/>
                                                <fixedLinkOpenNewWindow
                                                    jcr:primaryType="nt:unstructured"
                                                    sling:resourceType="granite/ui/components/coral/foundation/form/checkbox"
                                                    fieldDescription="This field stores the value for newWindow field. This field is applicable when List Type selected is “Fixed”"
                                                    name="./fixedLinkOpenNewWindow"
                                                    text="Open in New Window"
                                                    value="true"/>
                                            </items>
                                        </column>
                                    </items>
                                </field>
                            </fixedLinks>
                            <imageManualLinkList
                                granite:class="hide list-type-show-hide hide image-hide-show"
                                jcr:primaryType="nt:unstructured"
                                sling:resourceType="granite/ui/components/coral/foundation/form/multifield"
                                composite="{Boolean}true"
                                fieldDescription="This field stores the various attributes of manual link object. This field is applicable when List Type selected is “Manual”"
                                fieldLabel="Manual Links">
                                <granite:data
                                    jcr:primaryType="nt:unstructured"
                                    showhidetargetvalue="manual-list,cardList-with-images"/>
                                <field
                                    jcr:primaryType="nt:unstructured"
                                    sling:resourceType="granite/ui/components/coral/foundation/container"
                                    name="./imageManualLinkList">
                                    <items jcr:primaryType="nt:unstructured">
                                        <column
                                            jcr:primaryType="nt:unstructured"
                                            sling:resourceType="granite/ui/components/coral/foundation/container">
                                            <items jcr:primaryType="nt:unstructured">
                                                <manualLinkImage
                                                    jcr:primaryType="nt:unstructured"
                                                    sling:resourceType="cq/gui/components/authoring/dialog/fileupload"
                                                    allowUpload="{Boolean}false"
                                                    autoStart="{Boolean}false"
                                                    class="cq-droptarget"
                                                    fieldDescription="This field stores the image. Available for view Tile with Image."
                                                    fieldLabel="Image"
                                                    fileNameParameter="./fileName"
                                                    fileReferenceParameter="./manualLinkImage"
                                                    mimeTypes="[image]"
                                                    multiple="{Boolean}false"
                                                    name="./imageName"
                                                    title="Upload Image Asset"
                                                    uploadUrl="${suffix.path}"
                                                    useHTML5="{Boolean}true"/>
                                                <manualLinkImageAltText
                                                    jcr:primaryType="nt:unstructured"
                                                    sling:resourceType="granite/ui/components/coral/foundation/form/textfield"
                                                    fieldDescription="This field stores the path for image alt text of the page. This field is applicable when List Type selected is “Manual” and view as with images"
                                                    fieldLabel="Image Alt Text"
                                                    name="./manualLinkImageAltText"/>
                                                <manualLinkEyebrow
                                                    jcr:primaryType="nt:unstructured"
                                                    sling:resourceType="granite/ui/components/coral/foundation/form/textfield"
                                                    fieldDescription="This field stores the path for eybrow of the page. This field is applicable when List Type selected is “Manual” &amp; with Image"
                                                    fieldLabel="Eyebrow *"
                                                    name="./manualLinkEyebrow"
                                                    required="true"/>
                                                <manualLinkTitle
                                                    jcr:primaryType="nt:unstructured"
                                                    sling:resourceType="granite/ui/components/coral/foundation/form/textfield"
                                                    fieldDescription="This field stores the path for Link Title of the page. This field is applicable when List Type selected is “Manual” &amp; with Image"
                                                    fieldLabel="Title *"
                                                    name="./manualLinkTitle"
                                                    required="true"/>
                                                <manualLinkPath
                                                    jcr:primaryType="nt:unstructured"
                                                    sling:resourceType="eaton/components/widgets/contextualpathbrowser"
                                                    fieldDescription="This field stores the path for Page path of the page. This field is applicable when List Type selected is “Manual”"
                                                    fieldLabel="Link Path *"
                                                    name="./manualLinkPath"
                                                    required="true"/>
                                                <manualLinkOpenNewWindow
                                                    jcr:primaryType="nt:unstructured"
                                                    sling:resourceType="granite/ui/components/coral/foundation/form/checkbox"
                                                    fieldDescription="This field indicates if the url would open in new window or not."
                                                    name="./manualLinkOpenNewWindow"
                                                    text="Open in New Window"
                                                    value="true"/>
                                            </items>
                                        </column>
                                    </items>
                                </field>
                            </imageManualLinkList>
                            <noImageManualLinkList
                                granite:class="hide list-type-show-hide hide image-hide-show"
                                jcr:primaryType="nt:unstructured"
                                sling:resourceType="granite/ui/components/coral/foundation/form/multifield"
                                composite="{Boolean}true"
                                fieldDescription="This field stores the various attributes of manual link object. This field is applicable when List Type selected is “Manual” &amp; without Image"
                                fieldLabel="No Image Manual Links">
                                <granite:data
                                    jcr:primaryType="nt:unstructured"
                                    showhidetargetvalue="manual-list,cardList-without-image"/>
                                <field
                                    jcr:primaryType="nt:unstructured"
                                    sling:resourceType="granite/ui/components/coral/foundation/container"
                                    name="./noImageManualLinkList">
                                    <items jcr:primaryType="nt:unstructured">
                                        <column
                                            jcr:primaryType="nt:unstructured"
                                            sling:resourceType="granite/ui/components/coral/foundation/container">
                                            <items jcr:primaryType="nt:unstructured">
                                                <manualLinkEyebrow
                                                    jcr:primaryType="nt:unstructured"
                                                    sling:resourceType="granite/ui/components/coral/foundation/form/textfield"
                                                    fieldDescription="This field stores the path for eybrow of the page. This field is applicable when List Type selected is “Manual” &amp; without Image"
                                                    fieldLabel="Eyebrow *"
                                                    name="./manualLinkEyebrow"
                                                    required="true"/>
                                                <manualLinkTitle
                                                    jcr:primaryType="nt:unstructured"
                                                    sling:resourceType="granite/ui/components/coral/foundation/form/textfield"
                                                    fieldDescription="This field stores the path for eybrow of the page. This field is applicable when List Type selected is “Manual” &amp; without Image"
                                                    fieldLabel="Title *"
                                                    name="./manualLinkTitle"
                                                    required="true"/>
                                                <manualLinkPath
                                                    jcr:primaryType="nt:unstructured"
                                                    sling:resourceType="eaton/components/widgets/contextualpathbrowser"
                                                    fieldDescription="This field stores the path for eybrow of the page. This field is applicable when List Type selected is “Manual” &amp; without Image"
                                                    fieldLabel="Link Path *"
                                                    name="./manualLinkPath"
                                                    required="true"/>
                                                <manualLinkOpenNewWindow
                                                    jcr:primaryType="nt:unstructured"
                                                    sling:resourceType="granite/ui/components/coral/foundation/form/checkbox"
                                                    fieldDescription="This field stores the path for eybrow of the page. This field is applicable when List Type selected is “Manual” &amp; without Image"
                                                    name="./manualLinkOpenNewWindow"
                                                    text="Open in New Window"
                                                    value="true"/>
                                            </items>
                                        </column>
                                    </items>
                                </field>
                            </noImageManualLinkList>
                            <cardListAlignmentDesktop
                                jcr:primaryType="nt:unstructured"
                                sling:resourceType="granite/ui/components/foundation/form/select"
                                class="hide image-hide-show"
                                fieldDescription="Options will align the image using the selected alignment."
                                fieldLabel="Desktop Image Alignment"
                                name="./cardListAlignmentDesktop"
                                showhidetargetvalue="cardList-with-images">
                                <items jcr:primaryType="nt:unstructured">
                                    <left-top
                                        jcr:primaryType="nt:unstructured"
                                        text="Left Top"
                                        value="left-top"/>
                                    <left-center
                                        jcr:primaryType="nt:unstructured"
                                        text="Left Center"
                                        value="left-center"/>
                                    <left-bottom
                                        jcr:primaryType="nt:unstructured"
                                        text="Left Bottom"
                                        value="left-bottom"/>
                                    <center-top
                                        jcr:primaryType="nt:unstructured"
                                        text="Center Top"
                                        value="center-top"/>
                                    <center-center
                                        jcr:primaryType="nt:unstructured"
                                        text="Center Center"
                                        value="center-center"/>
                                    <center-bottom
                                        jcr:primaryType="nt:unstructured"
                                        text="Center Bottom"
                                        value="center-bottom"/>
                                    <right-top
                                        jcr:primaryType="nt:unstructured"
                                        text="Right Top"
                                        value="right-top"/>
                                    <right-center
                                        jcr:primaryType="nt:unstructured"
                                        text="Right Center"
                                        value="right-center"/>
                                    <right-bottom
                                        jcr:primaryType="nt:unstructured"
                                        text="Right Bottom"
                                        value="right-bottom"/>
                                </items>
                            </cardListAlignmentDesktop>
                            <cardListAlignmentMobile
                                jcr:primaryType="nt:unstructured"
                                sling:resourceType="granite/ui/components/foundation/form/select"
                                class="hide image-hide-show"
                                fieldDescription="Options will align the image using the selected alignment."
                                fieldLabel="Mobile Image Alignment"
                                name="./cardListAlignmentMobile"
                                showhidetargetvalue="cardList-with-images">
                                <items jcr:primaryType="nt:unstructured">
                                    <left-top
                                        jcr:primaryType="nt:unstructured"
                                        text="Left Top"
                                        value="left-top"/>
                                    <left-center
                                        jcr:primaryType="nt:unstructured"
                                        text="Left Center"
                                        value="left-center"/>
                                    <left-bottom
                                        jcr:primaryType="nt:unstructured"
                                        text="Left Bottom"
                                        value="left-bottom"/>
                                    <center-top
                                        jcr:primaryType="nt:unstructured"
                                        text="Center Top"
                                        value="center-top"/>
                                    <center-center
                                        jcr:primaryType="nt:unstructured"
                                        text="Center Center"
                                        value="center-center"/>
                                    <center-bottom
                                        jcr:primaryType="nt:unstructured"
                                        text="Center Bottom"
                                        value="center-bottom"/>
                                    <right-top
                                        jcr:primaryType="nt:unstructured"
                                        text="Right Top"
                                        value="right-top"/>
                                    <right-center
                                        jcr:primaryType="nt:unstructured"
                                        text="Right Center"
                                        value="right-center"/>
                                    <right-bottom
                                        jcr:primaryType="nt:unstructured"
                                        text="Right Bottom"
                                        value="right-bottom"/>
                                </items>
                            </cardListAlignmentMobile>
                            <sortBy
                                jcr:primaryType="nt:unstructured"
                                sling:resourceType="granite/ui/components/foundation/form/select"
                                class="hide list-type-show-hide"
                                fieldDescription="This field stores the value of sort field. There are four options: Publication Date, Title, Created Date, Last Modified and Template. This field is applicable when List Type selected is “Child Page” or “Tags”"
                                fieldLabel="Sort By *"
                                name="./sortBy"
                                required="true"
                                showhidetargetvalue="tags,child-pages">
                                <items jcr:primaryType="nt:unstructured">
                                    <publication-date
                                        jcr:primaryType="nt:unstructured"
                                        text="Publication Date"
                                        value="pub-date"/>
                                    <title
                                        jcr:primaryType="nt:unstructured"
                                        text="Title"
                                        value="title"/>
                                    <created-date
                                        jcr:primaryType="nt:unstructured"
                                        text="Created Date"
                                        value="created-date"/>
                                    <last-modified
                                        jcr:primaryType="nt:unstructured"
                                        text="Last Modified "
                                        value="last-modified-date"/>
                                    <template
                                        jcr:primaryType="nt:unstructured"
                                        text="Template"
                                        value="template"/>
                                </items>
                            </sortBy>
                            <maxLimitToDisplay
                                jcr:primaryType="nt:unstructured"
                                sling:resourceType="granite/ui/components/foundation/form/numberfield"
                                class="hide list-type-show-hide"
                                defaultValue="3"
                                fieldDescription="This field stores the value for Maximum number of links to Display. This field is applicable when List Type selected is “Child Page” or “Tags”"
                                fieldLabel="Maximum number of links to Display *"
                                min="{Long}3"
                                name="./maxLimitToDisplay"
                                required="true"
                                showhidetargetvalue="tags,child-pages"/>
                            <desktopTrans
                                jcr:primaryType="nt:unstructured"
                                sling:resourceType="granite/ui/components/foundation/form/select"
                                class="hide image-hide-show"
                                fieldDescription="All values should drive from the configuration"
                                fieldLabel="Desktop Image *"
                                name="./desktopTrans"
                                required="true"
                                showhidetargetvalue="cardList-with-images">
                                <datasource
                                    jcr:primaryType="nt:unstructured"
                                    sling:resourceType="/ecom/content/imageTransform"
                                    addNone="{Boolean}true"
                                    selector="desktop"/>
                            </desktopTrans>
                            <mobileTrans
                                jcr:primaryType="nt:unstructured"
                                sling:resourceType="granite/ui/components/foundation/form/select"
                                class="hide image-hide-show"
                                fieldDescription="All values should drive from the configuration"
                                fieldLabel="Mobile Image *"
                                name="./mobileTrans"
                                required="true"
                                showhidetargetvalue="cardList-with-images">
                                <datasource
                                    jcr:primaryType="nt:unstructured"
                                    sling:resourceType="/ecom/content/imageTransform"
                                    addNone="{Boolean}true"
                                    selector="mobile"/>
                            </mobileTrans>
                        </items>
                    </column>
                </items>
            </cardlist>
        </items>
    </content>
</jcr:root>
