<?xml version="1.0" encoding="UTF-8"?>
<jcr:root xmlns:sling="http://sling.apache.org/jcr/sling/1.0" xmlns:cq="http://www.day.com/jcr/cq/1.0" xmlns:jcr="http://www.jcp.org/jcr/1.0" xmlns:nt="http://www.jcp.org/jcr/nt/1.0"
    jcr:primaryType="nt:unstructured"
    jcr:title="Raw HTML"
    sling:resourceType="cq/gui/components/authoring/dialog"
    helpPath="https://www.adobe.com/go/aem6_2_docs_component_en#Text - Sightly">
    <content
        jcr:primaryType="nt:unstructured"
        sling:resourceType="granite/ui/components/foundation/container">
        <layout
            jcr:primaryType="nt:unstructured"
            sling:resourceType="granite/ui/components/foundation/layouts/fixedcolumns"
            margin="{Boolean}false"
            type="nav"/>
        <items jcr:primaryType="nt:unstructured">
            <column
                jcr:primaryType="nt:unstructured"
                sling:resourceType="granite/ui/components/foundation/container">
                <items jcr:primaryType="nt:unstructured">
                    <title
                        jcr:primaryType="nt:unstructured"
                        sling:resourceType="granite/ui/components/foundation/form/textfield"
                        fieldLabel="Title"
                        name="./title"/>
                    <html-source
                        jcr:primaryType="nt:unstructured"
                        sling:resourceType="granite/ui/components/coral/foundation/form/pathfield"
                        fieldLabel="HTML Source *"
                        name="./htmlsource"
                        required="true"
                        rootPath="/etc/raw-html"/>
                    <dynamic-properties
                        jcr:primaryType="nt:unstructured"
                        sling:resourceType="granite/ui/components/coral/foundation/form/multifield"
                        composite="{Boolean}true"
                        fieldDescription="This field stores properties and values which would be replaced in raw html"
                        fieldLabel="Property List">
                        <field
                            jcr:primaryType="nt:unstructured"
                            sling:resourceType="granite/ui/components/coral/foundation/container"
                            name="./dynamichtmlproperties">
                            <items jcr:primaryType="nt:unstructured">
                                <column
                                    jcr:primaryType="nt:unstructured"
                                    sling:resourceType="granite/ui/components/coral/foundation/container">
                                    <items jcr:primaryType="nt:unstructured">
                                        <prop-key
                                            jcr:primaryType="nt:unstructured"
                                            sling:resourceType="granite/ui/components/coral/foundation/form/textfield"
                                            fieldLabel="Property Key"
                                            name="./propKey"/>
                                        <prop-value
                                            jcr:primaryType="nt:unstructured"
                                            sling:resourceType="granite/ui/components/coral/foundation/form/textarea"
                                            fieldLabel="Value"
                                            name="./propValue"/>
                                        <encoding-type
                                            jcr:primaryType="nt:unstructured"
                                            sling:resourceType="granite/ui/components/coral/foundation/form/select"
                                            fieldLabel="Encoding Type *"
                                            name="./encodingType"
                                            required="true">
                                            <items jcr:primaryType="nt:unstructured">
                                                <none
                                                    jcr:primaryType="nt:unstructured"
                                                    text="None"
                                                    value="none"/>
                                                <html
                                                    jcr:primaryType="nt:unstructured"
                                                    text="HTML"
                                                    value="html"/>
                                                <script
                                                    jcr:primaryType="nt:unstructured"
                                                    text="JavaScript"
                                                    value="script"/>
                                                <url
                                                    jcr:primaryType="nt:unstructured"
                                                    text="URL"
                                                    value="url"/>
                                            </items>
                                        </encoding-type>
                                    </items>
                                </column>
                            </items>
                        </field>
                    </dynamic-properties>
                    <toggleInnerGrid
                        jcr:primaryType="nt:unstructured"
                        sling:resourceType="granite/ui/components/foundation/form/checkbox"
                        defaultChecked="true"
                        name="./toggleInnerGrid"
                        text="Include Margin"
                        uncheckedValue="{Boolean}false"
                        value="true"/>
                </items>
            </column>
        </items>
    </content>
</jcr:root>
