<?xml version="1.0" encoding="UTF-8"?>
<jcr:root xmlns:sling="http://sling.apache.org/jcr/sling/1.0" xmlns:cq="http://www.day.com/jcr/cq/1.0" xmlns:jcr="http://www.jcp.org/jcr/1.0" xmlns:nt="http://www.jcp.org/jcr/nt/1.0" xmlns:granite="http://www.adobe.com/jcr/granite/1.0"
    jcr:primaryType="nt:unstructured"
    jcr:title="Twitter Quote"
    sling:resourceType="cq/gui/components/authoring/dialog">
    <content
        jcr:primaryType="nt:unstructured"
        sling:resourceType="granite/ui/components/foundation/container">
        <layout
            jcr:primaryType="nt:unstructured"
            sling:resourceType="granite/ui/components/foundation/layouts/fixedcolumns"
            margin="{Boolean}false"
            type="nav"/>
        <items jcr:primaryType="nt:unstructured">
            <twitter-quote
                jcr:primaryType="nt:unstructured"
                jcr:title="Component Properties"
                sling:resourceType="granite/ui/components/foundation/section">
                <layout
                    jcr:primaryType="nt:unstructured"
                    sling:resourceType="granite/ui/components/foundation/layouts/fixedcolumns"/>
                    <items jcr:primaryType="nt:unstructured">
                        <column
                            jcr:primaryType="nt:unstructured"
                            sling:resourceType="granite/ui/components/foundation/container">
                            <items jcr:primaryType="nt:unstructured">
                                <quoteView
                                    jcr:primaryType="nt:unstructured"
                                    sling:resourceType="granite/ui/components/coral/foundation/form/select"
                                    fieldLabel="Quote View:"
                                    name="./quoteView"
                                    required="{Boolean}true">
                                    <items jcr:primaryType="nt:unstructured">
                                        <default
                                                jcr:primaryType="nt:unstructured"
                                                text="Default"
                                                value="default"/>
                                    </items>
                                </quoteView>
                                <quoteText
                                        jcr:primaryType="nt:unstructured"
                                        sling:resourceType="granite/ui/components/foundation/form/textarea"
                                        fieldLabel="Quote Text:"
                                        name="./quoteText"
                                        required="{Boolean}true"
                                        maxlength="{Long}240"/>
                                <toggleInnerGrid
                                        jcr:primaryType="nt:unstructured"
                                        sling:resourceType="granite/ui/components/foundation/form/checkbox"
                                        name="./toggleInnerGrid"
                                        text="Include Margin"
                                        value="true"/>
                            </items>
                        </column>
                    </items>
            </twitter-quote>
        </items>
    </content>
</jcr:root>
