<?xml version="1.0" encoding="UTF-8"?>
<jcr:root xmlns:sling="http://sling.apache.org/jcr/sling/1.0" xmlns:cq="http://www.day.com/jcr/cq/1.0" xmlns:jcr="http://www.jcp.org/jcr/1.0" xmlns:nt="http://www.jcp.org/jcr/nt/1.0"
    jcr:primaryType="nt:unstructured"
    jcr:title="Submittal Builder"
    sling:resourceType="cq/gui/components/authoring/dialog"
    helpPath="https://www.adobe.com/go/aem6_2_docs_component_en#Text - Sightly">
    <content
        jcr:primaryType="nt:unstructured"
        sling:resourceType="granite/ui/components/foundation/container">
        <layout
            jcr:primaryType="nt:unstructured"
            sling:resourceType="granite/ui/components/foundation/layouts/fixedcolumns"
            margin="{Boolean}false"
            type="nav"/>
        <items jcr:primaryType="nt:unstructured">
            <section
                jcr:primaryType="nt:unstructured"
                jcr:title="Submittal Builder"
                sling:resourceType="granite/ui/components/foundation/section">
                <layout
                    jcr:primaryType="nt:unstructured"
                    sling:resourceType="granite/ui/components/foundation/layouts/fixedcolumns"/>
                <items jcr:primaryType="nt:unstructured">
                    <column
                        jcr:primaryType="nt:unstructured"
                        sling:resourceType="granite/ui/components/foundation/container">
                        <items jcr:primaryType="nt:unstructured">
                            <submittalScope
                                jcr:primaryType="nt:unstructured"
                                sling:resourceType="granite/ui/components/coral/foundation/form/multifield"
                                composite="{Boolean}true"
                                fieldDescription="Including product families into the submittal builder will increase the scope of what PDF's will be available to the end user."
                                fieldLabel="Submittal Scope">
                                <field
                                    jcr:primaryType="nt:unstructured"
                                    sling:resourceType="granite/ui/components/coral/foundation/container"
                                    name="./submittalScope">
                                    <items jcr:primaryType="nt:unstructured">
                                        <column
                                            jcr:primaryType="nt:unstructured"
                                            sling:resourceType="granite/ui/components/coral/foundation/container">
                                            <items jcr:primaryType="nt:unstructured">
                                                <path
                                                    jcr:primaryType="nt:unstructured"
                                                    sling:resourceType="granite/ui/components/coral/foundation/form/pathfield"
                                                    fieldLabel="Product Family"
                                                    name="./cq:tags"
                                                    required="true"
                                                    rootPath="/content/cq:tags"/>
                                            </items>
                                        </column>
                                    </items>
                                </field>
                            </submittalScope>
                            <submittalAttributes
                                jcr:primaryType="nt:unstructured"
                                sling:resourceType="granite/ui/components/coral/foundation/form/multifield"
                                composite="{Boolean}true"
                                fieldDescription="Product attributes added here will be available as filters and will be displayed in the results."
                                fieldLabel="Submittal Attributes">
                                <field
                                    jcr:primaryType="nt:unstructured"
                                    sling:resourceType="granite/ui/components/coral/foundation/container"
                                    name="./submittalAttributes">
                                    <items jcr:primaryType="nt:unstructured">
                                        <column
                                            jcr:primaryType="nt:unstructured"
                                            sling:resourceType="granite/ui/components/coral/foundation/container">
                                            <items jcr:primaryType="nt:unstructured">
                                                <path
                                                    jcr:primaryType="nt:unstructured"
                                                    sling:resourceType="granite/ui/components/coral/foundation/form/pathfield"
                                                    fieldLabel="Attribute"
                                                    name="./cq:tags"
                                                    required="true"
                                                    rootPath="/content/cq:tags"/>
                                                <facetSearchEnabled
                                                    jcr:primaryType="nt:unstructured"
                                                    sling:resourceType="granite/ui/components/foundation/form/checkbox"
                                                    name="./facetSearchEnabled"
                                                    text="Enable Facet Search"
                                                    value="true"/>
                                                <showAsGrid
                                                    jcr:primaryType="nt:unstructured"
                                                    sling:resourceType="granite/ui/components/foundation/form/checkbox"
                                                    name="./showAsGrid"
                                                    text="Show as Grid"
                                                    value="true"/>
                                                <singleFacetEnabled
                                                        jcr:primaryType="nt:unstructured"
                                                        sling:resourceType="granite/ui/components/foundation/form/checkbox"
                                                        name="./singleFacetEnabled"
                                                        text="Single Facet Enabled"
                                                        value="true"/>
                                            </items>
                                        </column>
                                    </items>
                                </field>
                            </submittalAttributes>
                            <hideGlobalFacetSearch
                                jcr:primaryType="nt:unstructured"
                                sling:resourceType="granite/ui/components/foundation/form/checkbox"
                                name="./hideGlobalFacetSearch"
                                text="Hide Global Facet Search"
                                value="true"/>
                            <i18nNotes
                                jcr:primaryType="nt:unstructured"
                                sling:resourceType="granite/ui/components/foundation/text"
                                text="This component uses the following i18n values: 'Results', 'Result', 'Documents', and 'Document'."/>
                        </items>
                    </column>
                </items>
            </section>
        </items>
    </content>
</jcr:root>
