<?xml version="1.0" encoding="UTF-8"?>
<jcr:root xmlns:sling="http://sling.apache.org/jcr/sling/1.0" xmlns:cq="http://www.day.com/jcr/cq/1.0" xmlns:jcr="http://www.jcp.org/jcr/1.0" xmlns:nt="http://www.jcp.org/jcr/nt/1.0"
    jcr:primaryType="cq:Widget"
    sling:resourceType="/libs/cq/gui/components/authoring/dialog/richtext"
    fieldLabel="Intro"
    name="./intro1"
    useFixedInlineToolbar="{Boolean}true">
    <rtePlugins jcr:primaryType="nt:unstructured">
        <format
            jcr:primaryType="nt:unstructured"
            features="*"/>
        <justify
            jcr:primaryType="nt:unstructured"
            features="*"/>
        <lists
            jcr:primaryType="nt:unstructured"
            features="*"/>
        <paraformat
            jcr:primaryType="nt:unstructured"
            features="*"/>
        <links
            jcr:primaryType="nt:unstructured"
            features="*"/>
        <subsuperscript
            jcr:primaryType="nt:unstructured"
            features="*"/>
        <table
            jcr:primaryType="nt:unstructured"
            features="[]">
            <hiddenHeaderConfig
                jcr:primaryType="nt:unstructured"
                hiddenHeaderClassName="cq-wcm-foundation-aria-visuallyhidden"
                hiddenHeaderEditingCSS="coral-RichText-hiddenHeader--editing"/>
        </table>
        <experience-aem-one
            jcr:primaryType="nt:unstructured"
            features="*"/>
        <spellcheck
            jcr:primaryType="nt:unstructured"
            features="*"/>
        <misctools
            jcr:primaryType="nt:unstructured"
            features="*">
            <specialCharsConfig jcr:primaryType="nt:unstructured">
                <chars jcr:primaryType="nt:unstructured">
                    <pound
                        jcr:primaryType="nt:unstructured"
                        entity="&amp;#163;"/>
                    <registered
                        jcr:primaryType="nt:unstructured"
                        entity="&amp;#174;"/>
                    <copyright
                        jcr:primaryType="nt:unstructured"
                        entity="&amp;#169;"/>
                    <trademark
                        jcr:primaryType="nt:unstructured"
                        entity="&amp;#8482;"/>
                </chars>
            </specialCharsConfig>
        </misctools>
    </rtePlugins>
    <uiSettings jcr:primaryType="nt:unstructured">
        <cui jcr:primaryType="nt:unstructured">
            <inline
                jcr:primaryType="nt:unstructured"
                toolbar="[format#bold,format#italic,format#underline,#paraformat,image#imageProps,#justify,#lists,links#modifylink,links#unlink,links#anchor,subsuperscript#subscript,subsuperscript#superscript,experience-aem#colorPicker,experience-aem-one#touchuitouppercase,#styles,spellcheck#checktext,misctools#specialchars]">
                <popovers jcr:primaryType="nt:unstructured">
                    <justify
                        jcr:primaryType="nt:unstructured"
                        items="[justify#justifyleft,justify#justifycenter,justify#justifyright]"
                        ref="justify"/>
                    <lists
                        jcr:primaryType="nt:unstructured"
                        items="[lists#unordered,lists#ordered,lists#outdent,lists#indent]"
                        ref="lists"/>
                    <paraformat
                        jcr:primaryType="nt:unstructured"
                        items="paraformat:getFormats:paraformat-pulldown"
                        ref="paraformat"/>
                    <styles
                        jcr:primaryType="nt:unstructured"
                        items="styles:getStyles:styles-pulldown"
                        ref="styles"/>
                </popovers>
            </inline>
        </cui>
    </uiSettings>
</jcr:root>
